id,bangla_present,bangla_correct,bangla_parsed,banglish_clean_present,banglish_clean_correct,banglish_clean_parsed,english_present,english_correct,english_parsed
benqa_ext_10th-Biology_0001,1,1,C,1,1,C,1,1,C
benqa_ext_10th-Biology_0002,1,1,D,1,1,D,1,1,D
benqa_ext_10th-Biology_0018,1,1,D,1,0,B,1,1,D
benqa_ext_10th-Biology_0023,1,1,A,1,0,C,1,1,A
benqa_ext_10th-Biology_0024,1,1,C,1,1,C,1,0,B
benqa_ext_10th-Biology_0031,1,1,A,1,1,A,1,1,A
benqa_ext_10th-Biology_0032,1,1,D,1,1,D,1,1,D
benqa_ext_10th-Biology_0034,1,1,A,1,1,A,1,1,A
benqa_ext_10th-Biology_0045,1,1,D,1,0,C,1,1,D
benqa_ext_10th-Biology_0049,1,1,B,1,1,B,1,1,B
benqa_ext_10th-Biology_0054,1,0,D,1,0,D,1,0,D
benqa_ext_10th-Biology_0056,1,0,B,1,0,B,1,0,B
benqa_ext_10th-Biology_0061,1,1,A,1,0,B,1,1,A
benqa_ext_10th-Biology_0063,1,1,B,1,1,B,1,1,B
benqa_ext_10th-Biology_0065,1,1,A,1,1,A,1,1,A
benqa_ext_10th-Biology_0067,1,1,B,1,1,B,1,1,B
benqa_ext_10th-Biology_0068,1,1,A,1,1,A,1,1,A
benqa_ext_10th-Biology_0069,1,1,A,1,1,A,1,1,A
benqa_ext_10th-Biology_0070,1,1,B,1,0,C,1,1,B
benqa_ext_10th-Biology_0072,1,0,B,1,0,D,1,0,B
benqa_ext_10th-Biology_0074,1,1,A,1,0,B,1,1,A
benqa_ext_10th-Biology_0084,1,1,C,1,1,C,1,1,C
benqa_ext_10th-Biology_0085,1,1,D,1,0,B,1,1,D
benqa_ext_10th-Biology_0087,1,1,B,1,1,B,1,1,B
benqa_ext_10th-Biology_0091,1,0,A,1,0,D,1,0,D
benqa_ext_10th-Biology_0100,1,1,C,1,1,C,1,1,C
benqa_ext_10th-Biology_0102,1,1,A,1,0,D,1,1,A
benqa_ext_10th-Biology_0110,1,1,A,1,1,A,1,1,A
benqa_ext_10th-Biology_0115,1,1,A,1,1,A,1,1,A
benqa_ext_10th-Biology_0120,1,1,D,1,1,D,1,1,D
benqa_ext_10th-Biology_0123,1,0,D,1,1,B,1,1,B
benqa_ext_10th-Biology_0125,1,1,B,1,0,C,1,1,B
benqa_ext_10th-Biology_0135,1,1,D,1,1,D,1,1,D
benqa_ext_10th-Biology_0137,1,0,B,1,0,B,1,0,B
benqa_ext_10th-Biology_0138,1,1,D,1,1,D,1,1,D
benqa_ext_10th-Biology_0141,1,1,C,1,1,C,1,1,C
benqa_ext_10th-Biology_0142,1,1,A,1,1,A,1,1,A
benqa_ext_10th-Biology_0145,1,1,C,1,1,C,1,1,C
benqa_ext_10th-Biology_0148,1,1,D,1,1,D,1,1,D
benqa_ext_10th-Biology_0151,1,1,A,1,0,B,1,1,A
benqa_ext_10th-Biology_0174,1,1,B,1,1,B,1,1,B
benqa_ext_10th-Biology_0175,1,0,B,1,1,D,1,1,D
benqa_ext_10th-Biology_0177,1,0,C,1,0,C,1,0,C
benqa_ext_10th-Biology_0179,1,1,C,1,1,C,1,1,C
benqa_ext_10th-Biology_0180,1,0,C,1,0,C,1,0,C
benqa_ext_10th-Biology_0184,1,1,A,1,0,B,1,1,A
benqa_ext_10th-Biology_0186,1,1,B,1,1,B,1,0,D
benqa_ext_10th-Biology_0196,1,0,D,1,1,C,1,0,B
benqa_ext_10th-Biology_0201,1,0,D,1,0,C,1,0,C
benqa_ext_10th-Biology_0203,1,1,D,1,1,D,1,1,D
benqa_ext_10th-Biology_0204,1,1,A,1,0,B,1,1,A
benqa_ext_10th-Biology_0206,1,1,D,1,1,D,1,1,D
benqa_ext_10th-Biology_0214,1,0,B,1,0,B,1,1,D
benqa_ext_10th-Biology_0218,1,0,A,1,1,D,1,0,A
benqa_ext_10th-Biology_0225,1,1,C,1,1,C,1,1,C
benqa_ext_10th-Biology_0227,1,1,D,1,1,D,1,1,D
benqa_ext_10th-Biology_0238,1,1,A,1,1,A,1,1,A
benqa_ext_10th-Biology_0243,1,1,D,1,1,D,1,1,D
benqa_ext_10th-Biology_0247,1,1,B,1,1,B,1,1,B
benqa_ext_10th-Biology_0250,1,1,C,1,1,C,1,0,B
benqa_ext_10th-Biology_0252,1,1,B,1,1,B,1,1,B
benqa_ext_10th-Biology_0260,1,1,A,1,0,B,1,1,A
benqa_ext_10th-Biology_0269,1,1,C,1,0,B,1,1,C
benqa_ext_10th-Biology_0274,1,1,C,1,0,A,1,1,C
benqa_ext_10th-Biology_0278,1,1,D,1,0,B,1,1,D
benqa_ext_10th-Biology_0281,1,1,B,1,1,B,1,1,B
benqa_ext_10th-Biology_0287,1,1,A,1,1,A,1,1,A
benqa_ext_10th-Biology_0298,1,1,B,1,0,A,1,1,B
benqa_ext_10th-Biology_0305,1,1,A,1,0,C,1,1,A
benqa_ext_10th-Biology_0316,1,1,D,1,1,D,1,1,D
benqa_ext_10th-Biology_0334,1,1,A,1,1,A,1,1,A
benqa_ext_10th-Biology_0340,1,1,A,1,0,D,1,1,A
benqa_ext_10th-Biology_0342,1,1,B,1,1,B,1,1,B
benqa_ext_10th-Biology_0344,1,1,D,1,1,D,1,1,D
benqa_ext_10th-Biology_0346,1,1,A,1,1,A,1,1,A
benqa_ext_10th-Biology_0350,1,1,D,1,0,B,1,1,D
benqa_ext_10th-Biology_0351,1,1,A,1,0,C,1,1,A
benqa_ext_10th-Chemistry_0006,1,1,D,1,1,D,1,1,D
benqa_ext_10th-Chemistry_0014,1,1,A,1,1,A,1,1,A
benqa_ext_10th-Chemistry_0016,1,1,A,1,1,A,1,1,A
benqa_ext_10th-Chemistry_0027,1,0,B,1,1,A,1,1,A
benqa_ext_10th-Chemistry_0029,1,1,D,1,1,D,1,1,D
benqa_ext_10th-Chemistry_0034,1,0,B,1,0,C,1,1,D
benqa_ext_10th-Chemistry_0050,1,1,B,1,1,B,1,1,B
benqa_ext_10th-Chemistry_0056,1,1,C,1,1,C,1,1,C
benqa_ext_10th-Chemistry_0058,1,1,B,1,1,B,1,1,B
benqa_ext_10th-Chemistry_0061,1,1,B,1,1,B,1,1,B
benqa_ext_10th-Chemistry_0072,1,1,B,1,1,B,1,1,B
benqa_ext_10th-Chemistry_0075,1,1,B,1,1,B,1,1,B
benqa_ext_10th-Chemistry_0080,1,1,D,1,1,D,1,1,D
benqa_ext_10th-Chemistry_0082,1,1,A,1,1,A,1,1,A
benqa_ext_10th-Chemistry_0088,1,1,A,1,1,A,1,1,A
benqa_ext_10th-Chemistry_0095,1,1,D,1,0,C,1,1,D
benqa_ext_10th-Chemistry_0099,1,1,B,1,1,B,1,1,B
benqa_ext_10th-Chemistry_0102,1,1,D,1,1,D,1,1,D
benqa_ext_10th-Chemistry_0104,1,1,D,1,1,D,1,1,D
benqa_ext_10th-Chemistry_0108,1,1,B,1,1,B,1,1,B
benqa_ext_10th-Chemistry_0112,1,1,D,1,1,D,1,1,D
benqa_ext_10th-Chemistry_0128,1,1,D,1,0,C,1,1,D
benqa_ext_10th-Chemistry_0134,1,1,B,1,1,B,1,1,B
benqa_ext_10th-Chemistry_0137,1,1,A,1,1,A,1,1,A
benqa_ext_10th-Chemistry_0149,1,1,B,1,1,B,1,1,B
benqa_ext_10th-Chemistry_0152,1,1,A,1,1,A,1,1,A
benqa_ext_10th-Chemistry_0154,1,0,A,1,0,A,1,0,A
benqa_ext_10th-Chemistry_0157,1,1,B,1,1,B,1,1,B
benqa_ext_10th-Chemistry_0163,1,1,B,1,1,B,1,1,B
benqa_ext_10th-Chemistry_0176,1,1,D,1,0,A,1,1,D
benqa_ext_10th-Chemistry_0181,1,1,C,1,0,B,1,1,C
benqa_ext_10th-Chemistry_0183,1,0,D,1,1,A,1,1,A
benqa_ext_10th-Chemistry_0185,1,1,B,1,1,B,1,1,B
benqa_ext_10th-Chemistry_0195,1,1,C,1,0,B,1,1,C
benqa_ext_10th-Chemistry_0196,1,0,D,1,0,B,1,0,C
benqa_ext_10th-Chemistry_0197,1,0,C,1,0,C,1,1,D
benqa_ext_10th-Chemistry_0201,1,1,C,1,1,C,1,1,C
benqa_ext_10th-Chemistry_0203,1,1,D,1,1,D,1,1,D
benqa_ext_10th-Chemistry_0218,1,1,B,1,1,B,1,1,B
benqa_ext_10th-Chemistry_0221,1,0,C,1,0,B,1,0,C
benqa_ext_10th-Chemistry_0232,1,1,A,1,1,A,1,1,A
benqa_ext_10th-Chemistry_0238,1,0,D,1,0,D,1,0,D
benqa_ext_10th-Chemistry_0246,1,1,B,1,1,B,1,1,B
benqa_ext_10th-Chemistry_0250,1,1,D,1,1,D,1,1,D
benqa_ext_10th-Chemistry_0252,1,1,D,1,0,A,1,0,A
benqa_ext_10th-Chemistry_0259,1,1,B,1,1,B,1,1,B
benqa_ext_10th-Chemistry_0263,1,1,C,1,1,C,1,1,C
benqa_ext_10th-Chemistry_0269,1,1,C,1,1,C,1,1,C
benqa_ext_10th-Chemistry_0274,1,1,D,1,1,D,1,1,D
benqa_ext_10th-Chemistry_0275,1,1,A,1,1,A,1,1,A
benqa_ext_10th-Chemistry_0285,1,1,B,1,1,B,1,1,B
benqa_ext_10th-Chemistry_0288,1,1,C,1,1,C,1,1,C
benqa_ext_10th-Chemistry_0295,1,1,C,1,1,C,1,1,C
benqa_ext_10th-Chemistry_0318,1,1,D,1,1,D,1,1,D
benqa_ext_10th-Chemistry_0319,1,1,D,1,1,D,1,1,D
benqa_ext_10th-Chemistry_0327,1,1,D,1,1,D,1,1,D
benqa_ext_10th-Chemistry_0328,1,1,B,1,1,B,1,1,B
benqa_ext_10th-Chemistry_0330,1,1,C,1,0,A,1,0,A
benqa_ext_10th-Chemistry_0331,1,1,C,1,1,C,1,1,C
benqa_ext_10th-Chemistry_0332,1,1,D,1,1,D,1,0,B
benqa_ext_10th-Chemistry_0333,1,1,A,1,1,A,1,1,A
benqa_ext_10th-Chemistry_0341,1,1,D,1,0,C,1,1,D
benqa_ext_10th-Chemistry_0342,1,0,D,1,0,A,1,1,C
benqa_ext_10th-Chemistry_0349,1,1,B,1,0,D,1,1,B
benqa_ext_10th-Chemistry_0355,1,0,A,1,0,D,1,1,C
benqa_ext_10th-Chemistry_0357,1,1,B,1,1,B,1,1,B
benqa_ext_10th-Chemistry_0358,1,1,A,1,0,B,1,1,A
benqa_ext_10th-Chemistry_0366,1,1,D,1,1,D,1,0,C
benqa_ext_10th-Chemistry_0367,1,1,C,1,1,C,1,1,C
benqa_ext_10th-Chemistry_0369,1,0,B,1,0,B,1,0,B
benqa_ext_10th-Chemistry_0376,1,1,B,1,1,B,1,1,B
benqa_ext_10th-Chemistry_0382,1,1,D,1,0,C,1,1,D
benqa_ext_10th-Chemistry_0383,1,1,A,1,1,A,1,1,A
benqa_ext_10th-Chemistry_0384,1,0,D,1,0,C,1,1,B
benqa_ext_10th-Chemistry_0386,1,1,A,1,1,A,1,1,A
benqa_ext_10th-Chemistry_0387,1,1,C,1,0,B,1,1,C
benqa_ext_10th-Math-II_0003,1,1,A,1,1,A,1,1,A
benqa_ext_10th-Math-II_0017,1,1,D,1,1,D,1,0,A
benqa_ext_10th-Math-II_0024,1,1,D,1,1,D,1,1,D
benqa_ext_10th-Math-II_0025,1,1,B,1,1,B,1,1,B
benqa_ext_10th-Math-II_0030,1,1,D,1,0,C,1,1,D
benqa_ext_10th-Math-II_0078,1,1,A,1,1,A,1,1,A
benqa_ext_10th-Math-II_0082,1,0,C,1,1,D,1,1,D
benqa_ext_10th-Math-II_0089,1,1,C,1,1,C,1,1,C
benqa_ext_10th-Math-II_0100,1,0,C,1,0,C,1,0,C
benqa_ext_10th-Math-II_0116,1,1,A,1,1,A,1,1,A
benqa_ext_10th-Math-II_0124,1,1,B,1,1,B,1,1,B
benqa_ext_10th-Math-II_0135,1,1,B,1,0,C,1,1,B
benqa_ext_10th-Math-II_0164,1,0,D,1,0,D,1,0,D
benqa_ext_10th-Math-II_0181,1,1,D,1,1,D,1,1,D
benqa_ext_10th-Math-II_0191,1,1,D,1,1,D,1,1,D
benqa_ext_10th-Math-II_0192,1,1,B,1,1,B,1,1,B
benqa_ext_10th-Math-II_0203,1,1,D,1,1,D,1,1,D
benqa_ext_10th-Math-II_0205,1,0,B,1,1,C,1,1,C
benqa_ext_10th-Math-II_0208,1,0,D,1,0,D,1,0,D
benqa_ext_10th-Math-II_0217,1,1,B,1,1,B,1,1,B
benqa_ext_10th-Math-II_0230,1,1,D,1,1,D,1,1,D
benqa_ext_10th-Math-II_0231,1,1,B,1,1,B,1,1,B
benqa_ext_10th-Math-II_0234,1,0,A,1,1,B,1,0,D
benqa_ext_10th-Math-II_0239,1,1,A,1,0,B,1,1,A
benqa_ext_10th-Math-II_0240,1,0,D,1,0,A,1,1,C
benqa_ext_10th-Math-II_0252,1,1,C,1,0,B,1,0,B
benqa_ext_10th-Math-II_0262,1,1,C,1,1,C,1,1,C
benqa_ext_10th-Math-II_0282,1,1,B,1,1,B,1,1,B
benqa_ext_10th-Math-II_0287,1,0,D,1,0,D,1,1,A
benqa_ext_10th-Math-II_0288,1,1,B,1,1,B,1,1,B
benqa_ext_10th-Math-II_0300,1,1,D,1,1,D,1,1,D
benqa_ext_10th-Math-II_0308,1,1,B,1,0,C,1,1,B
benqa_ext_10th-Math-II_0317,1,1,B,1,1,B,1,1,B
benqa_ext_10th-Math-II_0328,1,1,C,1,1,C,1,1,C
benqa_ext_10th-Math-II_0334,1,1,B,1,1,B,1,1,B
benqa_ext_10th-Math-II_0336,1,1,C,1,1,C,1,1,C
benqa_ext_10th-Math-II_0337,1,1,D,1,1,D,1,1,D
benqa_ext_10th-Math-II_0355,1,1,C,1,1,C,1,1,C
benqa_ext_10th-Math-II_0383,1,1,A,1,1,A,1,1,A
benqa_ext_10th-Math_0005,1,1,A,1,1,A,1,1,A
benqa_ext_10th-Math_0012,1,1,C,1,1,C,1,1,C
benqa_ext_10th-Math_0015,1,1,B,1,1,B,1,1,B
benqa_ext_10th-Math_0019,1,1,C,1,1,C,1,1,C
benqa_ext_10th-Math_0027,1,1,A,1,1,A,1,0,B
benqa_ext_10th-Math_0028,1,1,A,1,1,A,1,1,A
benqa_ext_10th-Math_0035,1,0,A,1,1,B,1,1,B
benqa_ext_10th-Math_0036,1,1,D,1,1,D,1,1,D
benqa_ext_10th-Math_0050,1,1,D,1,0,C,1,1,D
benqa_ext_10th-Math_0067,1,1,D,1,1,D,1,1,D
benqa_ext_10th-Math_0084,1,1,C,1,1,C,1,1,C
benqa_ext_10th-Math_0085,1,0,A,1,0,A,1,0,A
benqa_ext_10th-Math_0089,1,1,A,1,1,A,1,1,A
benqa_ext_10th-Math_0098,1,1,C,1,1,C,1,1,C
benqa_ext_10th-Math_0105,1,0,A,1,0,A,1,1,B
benqa_ext_10th-Math_0107,1,1,B,1,1,B,1,1,B
benqa_ext_10th-Math_0115,1,1,C,1,1,C,1,1,C
benqa_ext_10th-Math_0125,1,1,A,1,1,A,1,1,A
benqa_ext_10th-Math_0136,1,1,D,1,0,A,1,0,C
benqa_ext_10th-Math_0140,1,0,C,1,0,A,1,1,B
benqa_ext_10th-Math_0150,1,1,D,1,1,D,1,1,D
benqa_ext_10th-Math_0158,1,1,D,1,1,D,1,1,D
benqa_ext_10th-Math_0159,1,1,B,1,1,B,1,1,B
benqa_ext_10th-Math_0160,1,1,C,1,1,C,1,1,C
benqa_ext_10th-Math_0161,1,1,B,1,1,B,1,1,B
benqa_ext_10th-Math_0163,1,1,C,1,0,A,1,1,C
benqa_ext_10th-Math_0174,1,1,D,1,0,C,1,1,D
benqa_ext_10th-Math_0189,1,0,D,1,0,D,1,1,B
benqa_ext_10th-Math_0197,1,1,B,1,1,B,1,1,B
benqa_ext_10th-Math_0199,1,1,C,1,1,C,1,1,C
benqa_ext_10th-Math_0207,1,1,A,1,1,A,1,1,A
benqa_ext_10th-Math_0215,1,0,A,1,0,B,1,0,A
benqa_ext_10th-Math_0227,1,1,C,1,1,C,1,1,C
benqa_ext_10th-Math_0231,1,1,A,1,0,C,1,0,D
benqa_ext_10th-Math_0258,1,1,A,1,1,A,1,0,B
benqa_ext_10th-Math_0259,1,1,B,1,1,B,1,0,A
benqa_ext_10th-Math_0298,1,1,B,1,1,B,1,1,B
benqa_ext_10th-Math_0301,1,1,A,1,1,A,1,1,A
benqa_ext_10th-Math_0302,1,0,B,1,0,B,1,1,C
benqa_ext_10th-Math_0310,1,0,D,1,0,B,1,1,A
benqa_ext_10th-Math_0322,1,1,B,1,1,B,1,1,B
benqa_ext_10th-Math_0325,1,1,D,1,1,D,1,1,D
benqa_ext_10th-Math_0339,1,0,A,1,1,B,1,1,B
benqa_ext_10th-Math_0347,1,1,D,1,1,D,1,1,D
benqa_ext_10th-Math_0351,1,1,C,1,1,C,1,1,C
benqa_ext_10th-Math_0352,1,1,D,1,1,D,1,1,D
benqa_ext_10th-Math_0355,1,1,C,1,1,C,1,1,C
benqa_ext_10th-Math_0362,1,1,D,1,1,D,1,1,D
benqa_ext_10th-Math_0372,1,1,C,1,1,C,1,1,C
benqa_ext_10th-Physics_0002,1,1,D,1,0,C,1,0,A
benqa_ext_10th-Physics_0016,1,0,D,1,0,D,1,0,D
benqa_ext_10th-Physics_0031,1,1,D,1,0,C,1,1,D
benqa_ext_10th-Physics_0032,1,1,D,1,1,D,1,1,D
benqa_ext_10th-Physics_0033,1,1,C,1,0,D,1,1,C
benqa_ext_10th-Physics_0034,1,1,D,1,1,D,1,1,D
benqa_ext_10th-Physics_0041,1,1,A,1,1,A,1,1,A
benqa_ext_10th-Physics_0070,1,1,A,1,1,A,1,1,A
benqa_ext_10th-Physics_0071,1,1,A,1,0,C,1,1,A
benqa_ext_10th-Physics_0073,1,1,D,1,1,D,1,1,D
benqa_ext_10th-Physics_0080,1,1,B,1,1,B,1,1,B
benqa_ext_10th-Physics_0085,1,1,B,1,1,B,1,1,B
benqa_ext_10th-Physics_0091,1,1,C,1,1,C,1,1,C
benqa_ext_10th-Physics_0098,1,1,A,1,0,C,1,1,A
benqa_ext_10th-Physics_0104,1,1,D,1,1,D,1,1,D
benqa_ext_10th-Physics_0110,1,1,C,1,0,D,1,0,D
benqa_ext_10th-Physics_0111,1,1,A,1,0,C,1,1,A
benqa_ext_10th-Physics_0118,1,1,C,1,1,C,1,1,C
benqa_ext_10th-Physics_0119,1,0,B,1,0,C,1,0,C
benqa_ext_10th-Physics_0120,1,1,B,1,1,B,1,1,B
benqa_ext_10th-Physics_0137,1,1,A,1,1,A,1,1,A
benqa_ext_10th-Physics_0140,1,1,B,1,0,C,1,1,B
benqa_ext_10th-Physics_0141,1,1,C,1,1,C,1,1,C
benqa_ext_10th-Physics_0143,1,0,D,1,0,D,1,0,D
benqa_ext_10th-Physics_0146,1,1,D,1,0,B,1,0,B
benqa_ext_10th-Physics_0151,1,1,D,1,1,D,1,1,D
benqa_ext_10th-Physics_0154,1,1,C,1,1,C,1,1,C
benqa_ext_10th-Physics_0156,1,1,C,1,1,C,1,1,C
benqa_ext_10th-Physics_0164,1,1,A,1,1,A,1,1,A
benqa_ext_10th-Physics_0167,1,1,A,1,0,D,1,1,A
benqa_ext_10th-Physics_0170,1,1,B,1,1,B,1,1,B
benqa_ext_10th-Physics_0173,1,1,D,1,1,D,1,1,D
benqa_ext_10th-Physics_0174,1,0,A,1,0,A,1,0,A
benqa_ext_10th-Physics_0179,1,1,B,1,1,B,1,1,B
benqa_ext_10th-Physics_0180,1,0,A,1,0,A,1,1,B
benqa_ext_10th-Physics_0182,1,1,D,1,1,D,1,1,D
benqa_ext_10th-Physics_0189,1,1,A,1,0,D,1,1,A
benqa_ext_10th-Physics_0190,1,1,A,1,1,A,1,1,A
benqa_ext_10th-Physics_0194,1,1,B,1,1,B,1,1,B
benqa_ext_10th-Physics_0195,1,0,C,1,0,D,1,0,C
benqa_ext_10th-Physics_0199,1,1,D,1,1,D,1,1,D
benqa_ext_10th-Physics_0204,1,1,D,1,1,D,1,1,D
benqa_ext_10th-Physics_0206,1,1,C,1,1,C,1,1,C
benqa_ext_10th-Physics_0208,1,1,A,1,1,A,1,1,A
benqa_ext_10th-Physics_0212,1,1,C,1,0,B,1,1,C
benqa_ext_10th-Physics_0218,1,1,C,1,1,C,1,1,C
benqa_ext_10th-Physics_0221,1,1,B,1,1,B,1,1,B
benqa_ext_10th-Physics_0223,1,1,C,1,1,C,1,1,C
benqa_ext_10th-Physics_0227,1,1,A,1,1,A,1,1,A
benqa_ext_10th-Physics_0228,1,1,D,1,0,B,1,1,D
benqa_ext_10th-Physics_0229,1,1,D,1,1,D,1,1,D
benqa_ext_10th-Physics_0230,1,1,A,1,1,A,1,1,A
benqa_ext_10th-Physics_0231,1,1,B,1,1,B,1,1,B
benqa_ext_10th-Physics_0235,1,1,A,1,1,A,1,1,A
benqa_ext_10th-Physics_0237,1,0,B,1,0,B,1,0,B
benqa_ext_10th-Physics_0239,1,1,A,1,1,A,1,0,B
benqa_ext_10th-Physics_0242,1,1,A,1,1,A,1,1,A
benqa_ext_10th-Physics_0246,1,0,C,1,0,A,1,0,C
benqa_ext_10th-Physics_0247,1,0,D,1,0,D,1,0,D
benqa_ext_10th-Physics_0249,1,1,B,1,1,B,1,1,B
benqa_ext_10th-Physics_0251,1,1,C,1,1,C,1,1,C
benqa_ext_10th-Physics_0253,1,0,D,1,0,A,1,0,C
benqa_ext_10th-Physics_0255,1,0,A,1,1,B,1,0,A
benqa_ext_10th-Physics_0270,1,1,D,1,0,A,1,1,D
benqa_ext_10th-Physics_0271,1,1,A,1,1,A,1,1,A
benqa_ext_10th-Physics_0274,1,0,A,1,1,C,1,0,B
benqa_ext_10th-Physics_0275,1,0,B,1,0,B,1,0,B
benqa_ext_10th-Physics_0276,1,1,B,1,1,B,1,1,B
benqa_ext_10th-Physics_0282,1,1,D,1,1,D,1,1,D
benqa_ext_10th-Physics_0287,1,1,C,1,1,C,1,1,C
benqa_ext_10th-Physics_0297,1,1,D,1,1,D,1,1,D
benqa_ext_10th-Physics_0302,1,1,B,1,1,B,1,1,B
benqa_ext_10th-Physics_0304,1,0,D,1,0,D,1,0,D
benqa_ext_10th-Physics_0307,1,0,D,1,1,C,1,1,C
benqa_ext_10th-Physics_0312,1,1,B,1,1,B,1,1,B
benqa_ext_10th-Physics_0315,1,1,D,1,1,D,1,1,D
benqa_ext_12th-Biology-II_0005,1,1,B,1,1,B,1,1,B
benqa_ext_12th-Biology-II_0011,1,1,A,1,1,A,1,1,A
benqa_ext_12th-Biology-II_0014,1,1,C,1,1,C,1,1,C
benqa_ext_12th-Biology-II_0015,1,0,B,1,0,B,1,0,D
benqa_ext_12th-Biology-II_0018,1,1,B,1,0,D,1,1,B
benqa_ext_12th-Biology-II_0033,1,0,B,1,0,B,1,1,C
benqa_ext_12th-Biology-II_0037,1,1,B,1,0,D,1,1,B
benqa_ext_12th-Biology-II_0044,1,1,D,1,1,D,1,1,D
benqa_ext_12th-Biology-II_0059,1,1,C,1,1,C,1,1,C
benqa_ext_12th-Biology-II_0069,1,1,C,1,1,C,1,1,C
benqa_ext_12th-Biology-II_0071,1,1,C,1,1,C,1,1,C
benqa_ext_12th-Biology-II_0076,1,1,C,1,1,C,1,1,C
benqa_ext_12th-Biology-II_0081,1,1,A,1,1,A,1,1,A
benqa_ext_12th-Biology-II_0085,1,0,D,1,0,D,1,0,D
benqa_ext_12th-Biology-II_0088,1,1,D,1,1,D,1,1,D
benqa_ext_12th-Biology-II_0090,1,0,B,1,1,C,1,1,C
benqa_ext_12th-Biology-II_0097,1,1,A,1,0,B,1,1,A
benqa_ext_12th-Biology-II_0098,1,1,D,1,1,D,1,1,D
benqa_ext_12th-Biology-II_0099,1,1,C,1,1,C,1,1,C
benqa_ext_12th-Biology-II_0100,1,0,A,1,1,D,1,1,D
benqa_ext_12th-Biology-II_0107,1,1,A,1,1,A,1,1,A
benqa_ext_12th-Biology-II_0117,1,1,B,1,1,B,1,1,B
benqa_ext_12th-Biology-II_0123,1,1,A,1,1,A,1,1,A
benqa_ext_12th-Biology-II_0127,1,1,B,1,0,D,1,1,B
benqa_ext_12th-Biology-II_0143,1,1,D,1,1,D,1,1,D
benqa_ext_12th-Biology-II_0144,1,0,A,1,0,A,1,0,A
benqa_ext_12th-Biology-II_0145,1,1,D,1,0,A,1,0,A
benqa_ext_12th-Biology-II_0150,1,1,A,1,1,A,1,1,A
benqa_ext_12th-Biology-II_0151,1,1,D,1,1,D,1,1,D
benqa_ext_12th-Biology-II_0155,1,1,C,1,1,C,1,1,C
benqa_ext_12th-Biology-II_0165,1,1,C,1,0,B,1,1,C
benqa_ext_12th-Biology-II_0166,1,1,C,1,1,C,1,1,C
benqa_ext_12th-Biology-II_0167,1,1,C,1,0,D,1,1,C
benqa_ext_12th-Biology-II_0172,1,1,A,1,0,C,1,1,A
benqa_ext_12th-Biology-II_0173,1,1,A,1,1,A,1,1,A
benqa_ext_12th-Biology-II_0176,1,1,C,1,1,C,1,1,C
benqa_ext_12th-Biology-II_0178,1,1,A,1,1,A,1,1,A
benqa_ext_12th-Biology-II_0186,1,1,A,1,0,B,1,1,A
benqa_ext_12th-Biology-II_0188,1,0,D,1,1,A,1,0,D
benqa_ext_12th-Biology-II_0198,1,1,A,1,0,C,1,1,A
benqa_ext_12th-Biology-II_0199,1,1,C,1,1,C,1,1,C
benqa_ext_12th-Biology-II_0201,1,1,C,1,1,C,1,1,C
benqa_ext_12th-Biology-II_0204,1,1,B,1,0,C,1,1,B
benqa_ext_12th-Biology-II_0205,1,1,A,1,1,A,1,1,A
benqa_ext_12th-Biology-II_0208,1,1,D,1,1,D,1,1,D
benqa_ext_12th-Biology-II_0210,1,1,D,1,1,D,1,1,D
benqa_ext_12th-Biology-II_0213,1,1,A,1,1,A,1,1,A
benqa_ext_12th-Biology-II_0216,1,1,D,1,1,D,1,1,D
benqa_ext_12th-Biology-II_0218,1,1,A,1,1,A,1,1,A
benqa_ext_12th-Biology-II_0220,1,1,A,1,1,A,1,1,A
benqa_ext_12th-Biology-II_0222,1,1,A,1,0,B,1,1,A
benqa_ext_12th-Biology-II_0226,1,1,A,1,1,A,1,1,A
benqa_ext_12th-Biology-II_0227,1,1,B,1,1,B,1,1,B
benqa_ext_12th-Biology-II_0228,1,1,C,1,1,C,1,1,C
benqa_ext_12th-Biology-II_0234,1,0,C,1,0,C,1,0,C
benqa_ext_12th-Biology-II_0239,1,0,B,1,0,B,1,0,B
benqa_ext_12th-Biology-II_0245,1,0,B,1,1,C,1,1,C
benqa_ext_12th-Biology-II_0251,1,1,C,1,0,D,1,1,C
benqa_ext_12th-Biology-II_0256,1,1,A,1,1,A,1,1,A
benqa_ext_12th-Biology-II_0258,1,1,B,1,1,B,1,0,D
benqa_ext_12th-Biology-II_0261,1,0,B,1,1,C,1,0,A
benqa_ext_12th-Biology-II_0270,1,1,C,1,1,C,1,1,C
benqa_ext_12th-Biology-II_0271,1,1,A,1,1,A,1,1,A
benqa_ext_12th-Biology-II_0275,1,1,B,1,1,B,1,1,B
benqa_ext_12th-Biology-II_0280,1,1,C,1,0,B,1,1,C
benqa_ext_12th-Biology-II_0284,1,1,B,1,0,D,1,1,B
benqa_ext_12th-Biology-II_0288,1,0,A,1,0,A,1,0,A
benqa_ext_12th-Biology-II_0292,1,1,A,1,1,A,1,1,A
benqa_ext_12th-Biology-II_0295,1,1,B,1,1,B,1,1,B
benqa_ext_12th-Biology-II_0296,1,1,C,1,0,A,1,1,C
benqa_ext_12th-Biology-II_0303,1,1,C,1,1,C,1,1,C
benqa_ext_12th-Biology-II_0304,1,0,B,1,0,C,1,0,B
benqa_ext_12th-Biology-II_0316,1,1,A,1,0,B,1,1,A
benqa_ext_12th-Biology-II_0317,1,0,C,1,0,D,1,0,B
benqa_ext_12th-Biology-II_0326,1,0,B,1,0,D,1,1,C
benqa_ext_12th-Biology-I_0002,1,0,B,1,0,B,1,1,D
benqa_ext_12th-Biology-I_0003,1,0,B,1,0,D,1,1,C
benqa_ext_12th-Biology-I_0013,1,1,D,1,1,D,1,1,D
benqa_ext_12th-Biology-I_0016,1,1,A,1,1,A,1,1,A
benqa_ext_12th-Biology-I_0017,1,1,B,1,1,B,1,1,B
benqa_ext_12th-Biology-I_0021,1,1,B,1,1,B,1,1,B
benqa_ext_12th-Biology-I_0024,1,1,C,1,0,B,1,1,C
benqa_ext_12th-Biology-I_0025,1,1,B,1,1,B,1,1,B
benqa_ext_12th-Biology-I_0026,1,1,A,1,1,A,1,1,A
benqa_ext_12th-Biology-I_0027,1,1,B,1,1,B,1,1,B
benqa_ext_12th-Biology-I_0030,1,1,A,1,1,A,1,1,A
benqa_ext_12th-Biology-I_0041,1,0,B,1,0,B,1,1,D
benqa_ext_12th-Biology-I_0043,1,1,A,1,0,C,1,1,A
benqa_ext_12th-Biology-I_0049,1,1,C,1,0,A,1,1,C
benqa_ext_12th-Biology-I_0059,1,1,D,1,0,C,1,1,D
benqa_ext_12th-Biology-I_0066,1,1,B,1,1,B,1,1,B
benqa_ext_12th-Biology-I_0076,1,1,B,1,1,B,1,1,B
benqa_ext_12th-Biology-I_0080,1,1,C,1,0,B,1,1,C
benqa_ext_12th-Biology-I_0081,1,0,C,1,0,B,1,0,C
benqa_ext_12th-Biology-I_0085,1,1,C,1,1,C,1,1,C
benqa_ext_12th-Biology-I_0092,1,1,B,1,0,D,1,1,B
benqa_ext_12th-Biology-I_0094,1,1,D,1,0,B,1,0,C
benqa_ext_12th-Biology-I_0098,1,1,D,1,0,B,1,0,B
benqa_ext_12th-Biology-I_0106,1,1,A,1,0,C,1,1,A
benqa_ext_12th-Biology-I_0110,1,1,B,1,1,B,1,1,B
benqa_ext_12th-Biology-I_0122,1,0,A,1,0,B,1,0,C
benqa_ext_12th-Biology-I_0129,1,1,D,1,1,D,1,1,D
benqa_ext_12th-Biology-I_0132,1,0,B,1,0,B,1,0,B
benqa_ext_12th-Biology-I_0141,1,1,D,1,1,D,1,1,D
benqa_ext_12th-Biology-I_0144,1,1,A,1,1,A,1,1,A
benqa_ext_12th-Biology-I_0147,1,0,A,1,0,A,1,0,A
benqa_ext_12th-Biology-I_0151,1,1,C,1,1,C,1,1,C
benqa_ext_12th-Biology-I_0157,1,1,A,1,1,A,1,1,A
benqa_ext_12th-Biology-I_0163,1,1,C,1,1,C,1,1,C
benqa_ext_12th-Biology-I_0169,1,1,C,1,1,C,1,1,C
benqa_ext_12th-Biology-I_0185,1,1,D,1,1,D,1,1,D
benqa_ext_12th-Biology-I_0188,1,1,D,1,1,D,1,1,D
benqa_ext_12th-Biology-I_0189,1,1,A,1,1,A,1,1,A
benqa_ext_12th-Biology-I_0190,1,1,C,1,1,C,1,1,C
benqa_ext_12th-Biology-I_0192,1,1,B,1,1,B,1,1,B
benqa_ext_12th-Biology-I_0196,1,1,A,1,1,A,1,1,A
benqa_ext_12th-Biology-I_0200,1,1,A,1,1,A,1,1,A
benqa_ext_12th-Biology-I_0203,1,1,C,1,1,C,1,1,C
benqa_ext_12th-Biology-I_0204,1,1,B,1,1,B,1,1,B
benqa_ext_12th-Biology-I_0205,1,1,B,1,1,B,1,1,B
benqa_ext_12th-Biology-I_0207,1,1,B,1,0,C,1,0,C
benqa_ext_12th-Biology-I_0211,1,1,D,1,1,D,1,1,D
benqa_ext_12th-Biology-I_0216,1,1,B,1,1,B,1,1,B
benqa_ext_12th-Biology-I_0217,1,1,B,1,1,B,1,1,B
benqa_ext_12th-Biology-I_0220,1,1,A,1,1,A,1,1,A
benqa_ext_12th-Biology-I_0224,1,1,B,1,1,B,1,1,B
benqa_ext_12th-Biology-I_0233,1,1,C,1,0,B,1,1,C
benqa_ext_12th-Biology-I_0234,1,0,D,1,0,D,1,0,D
benqa_ext_12th-Biology-I_0235,1,1,A,1,1,A,1,1,A
benqa_ext_12th-Biology-I_0236,1,1,D,1,0,A,1,1,D
benqa_ext_12th-Biology-I_0241,1,1,A,1,1,A,1,1,A
benqa_ext_12th-Biology-I_0242,1,1,D,1,1,D,1,1,D
benqa_ext_12th-Biology-I_0244,1,1,D,1,1,D,1,1,D
benqa_ext_12th-Biology-I_0246,1,1,C,1,1,C,1,1,C
benqa_ext_12th-Biology-I_0253,1,0,C,1,0,C,1,1,D
benqa_ext_12th-Biology-I_0254,1,0,A,1,0,A,1,0,A
benqa_ext_12th-Biology-I_0255,1,0,A,1,1,B,1,1,B
benqa_ext_12th-Biology-I_0264,1,1,A,1,1,A,1,1,A
benqa_ext_12th-Biology-I_0267,1,1,D,1,1,D,1,1,D
benqa_ext_12th-Biology-I_0268,1,1,A,1,1,A,1,1,A
benqa_ext_12th-Biology-I_0271,1,1,B,1,1,B,1,1,B
benqa_ext_12th-Biology-I_0272,1,1,A,1,1,A,1,1,A
benqa_ext_12th-Biology-I_0275,1,1,D,1,1,D,1,1,D
benqa_ext_12th-Biology-I_0282,1,1,B,1,1,B,1,1,B
benqa_ext_12th-Biology-I_0287,1,1,A,1,1,A,1,1,A
benqa_ext_12th-Biology-I_0290,1,1,A,1,1,A,1,1,A
benqa_ext_12th-Biology-I_0294,1,1,B,1,1,B,1,1,B
benqa_ext_12th-Biology-I_0296,1,1,D,1,1,D,1,1,D
benqa_ext_12th-Biology-I_0298,1,1,A,1,1,A,1,1,A
benqa_ext_12th-Biology-I_0300,1,1,C,1,0,A,1,1,C
benqa_ext_12th-Biology-I_0302,1,0,D,1,0,B,1,1,A
benqa_ext_12th-Biology-I_0307,1,1,D,1,1,D,1,1,D
benqa_ext_12th-Chemistry-II_0003,1,1,A,1,0,B,1,1,A
benqa_ext_12th-Chemistry-II_0004,1,1,A,1,1,A,1,1,A
benqa_ext_12th-Chemistry-II_0005,1,1,D,1,1,D,1,1,D
benqa_ext_12th-Chemistry-II_0009,1,1,B,1,0,A,1,1,B
benqa_ext_12th-Chemistry-II_0017,1,1,B,1,1,B,1,1,B
benqa_ext_12th-Chemistry-II_0018,1,1,A,1,1,A,1,0,B
benqa_ext_12th-Chemistry-II_0021,1,1,B,1,1,B,1,0,C
benqa_ext_12th-Chemistry-II_0022,1,1,D,1,1,D,1,1,D
benqa_ext_12th-Chemistry-II_0026,1,1,D,1,1,D,1,1,D
benqa_ext_12th-Chemistry-II_0027,1,1,C,1,0,B,1,0,D
benqa_ext_12th-Chemistry-II_0034,1,1,A,1,1,A,1,1,A
benqa_ext_12th-Chemistry-II_0037,1,1,C,1,1,C,1,1,C
benqa_ext_12th-Chemistry-II_0038,1,1,C,1,1,C,1,0,D
benqa_ext_12th-Chemistry-II_0039,1,1,A,1,1,A,1,1,A
benqa_ext_12th-Chemistry-II_0047,1,1,C,1,1,C,1,1,C
benqa_ext_12th-Chemistry-II_0048,1,1,C,1,1,C,1,1,C
benqa_ext_12th-Chemistry-II_0053,1,1,D,1,1,D,1,1,D
benqa_ext_12th-Chemistry-II_0056,1,1,B,1,1,B,1,1,B
benqa_ext_12th-Chemistry-II_0057,1,1,D,1,1,D,1,1,D
benqa_ext_12th-Chemistry-II_0060,1,1,C,1,1,C,1,1,C
benqa_ext_12th-Chemistry-II_0094,1,1,D,1,1,D,1,1,D
benqa_ext_12th-Chemistry-II_0100,1,1,C,1,1,C,1,1,C
benqa_ext_12th-Chemistry-II_0118,1,1,A,1,1,A,1,1,A
benqa_ext_12th-Chemistry-II_0121,1,0,B,1,0,B,1,1,A
benqa_ext_12th-Chemistry-II_0125,1,1,D,1,1,D,1,1,D
benqa_ext_12th-Chemistry-II_0130,1,1,D,1,0,C,1,1,D
benqa_ext_12th-Chemistry-II_0135,1,1,D,1,1,D,1,1,D
benqa_ext_12th-Chemistry-II_0145,1,1,D,1,0,A,1,1,D
benqa_ext_12th-Chemistry-II_0148,1,1,A,1,1,A,1,1,A
benqa_ext_12th-Chemistry-II_0157,1,1,A,1,1,A,1,1,A
benqa_ext_12th-Chemistry-II_0160,1,0,B,1,0,B,1,0,B
benqa_ext_12th-Chemistry-II_0161,1,1,C,1,1,C,1,0,A
benqa_ext_12th-Chemistry-II_0164,1,1,D,1,1,D,1,1,D
benqa_ext_12th-Chemistry-II_0167,1,1,B,1,1,B,1,1,B
benqa_ext_12th-Chemistry-II_0173,1,1,A,1,1,A,1,1,A
benqa_ext_12th-Chemistry-II_0176,1,1,C,1,0,D,1,1,C
benqa_ext_12th-Chemistry-II_0179,1,0,A,1,0,B,1,0,A
benqa_ext_12th-Chemistry-II_0183,1,1,C,1,1,C,1,1,C
benqa_ext_12th-Chemistry-II_0191,1,1,D,1,1,D,1,1,D
benqa_ext_12th-Chemistry-II_0206,1,1,C,1,0,A,1,1,C
benqa_ext_12th-Chemistry-II_0213,1,1,B,1,1,B,1,1,B
benqa_ext_12th-Chemistry-II_0215,1,1,A,1,1,A,1,1,A
benqa_ext_12th-Chemistry-II_0224,1,1,C,1,0,D,1,1,C
benqa_ext_12th-Chemistry-II_0234,1,1,A,1,1,A,1,1,A
benqa_ext_12th-Chemistry-II_0239,1,1,D,1,1,D,1,1,D
benqa_ext_12th-Chemistry-II_0244,1,1,C,1,1,C,1,0,D
benqa_ext_12th-Chemistry-II_0246,1,1,D,1,1,D,1,1,D
benqa_ext_12th-Chemistry-II_0248,1,1,A,1,1,A,1,1,A
benqa_ext_12th-Chemistry-II_0258,1,1,D,1,1,D,1,1,D
benqa_ext_12th-Chemistry-II_0262,1,1,D,1,1,D,1,1,D
benqa_ext_12th-Chemistry-II_0268,1,1,B,1,1,B,1,1,B
benqa_ext_12th-Chemistry-II_0271,1,1,A,1,1,A,1,1,A
benqa_ext_12th-Chemistry-II_0283,1,1,A,1,1,A,1,1,A
benqa_ext_12th-Chemistry-II_0284,1,1,B,1,1,B,1,1,B
benqa_ext_12th-Chemistry-II_0291,1,1,B,1,1,B,1,1,B
benqa_ext_12th-Chemistry-II_0308,1,1,D,1,1,D,1,1,D
benqa_ext_12th-Chemistry-II_0317,1,1,B,1,1,B,1,1,B
benqa_ext_12th-Chemistry-II_0330,1,1,A,1,1,A,1,1,A
benqa_ext_12th-Chemistry-II_0339,1,1,C,1,1,C,1,1,C
benqa_ext_12th-Chemistry-II_0341,1,1,D,1,1,D,1,1,D
benqa_ext_12th-Chemistry-II_0355,1,1,D,1,1,D,1,1,D
benqa_ext_12th-Chemistry-II_0357,1,1,C,1,1,C,1,1,C
benqa_ext_12th-Chemistry-II_0366,1,1,D,1,1,D,1,1,D
benqa_ext_12th-Chemistry-II_0367,1,1,B,1,0,C,1,1,B
benqa_ext_12th-Chemistry-II_0371,1,1,A,1,0,B,1,1,A
benqa_ext_12th-Chemistry-II_0377,1,1,B,1,1,B,1,1,B
benqa_ext_12th-Chemistry-II_0384,1,1,A,1,1,A,1,1,A
benqa_ext_12th-Chemistry-II_0385,1,1,C,1,1,C,1,1,C
benqa_ext_12th-Chemistry-II_0387,1,0,D,1,0,D,1,0,B
benqa_ext_12th-Chemistry-II_0389,1,1,B,1,1,B,1,1,B
benqa_ext_12th-Chemistry-I_0001,1,1,A,1,1,A,1,1,A
benqa_ext_12th-Chemistry-I_0003,1,1,D,1,0,C,1,1,D
benqa_ext_12th-Chemistry-I_0023,1,1,D,1,1,D,1,0,C
benqa_ext_12th-Chemistry-I_0024,1,1,A,1,1,A,1,1,A
benqa_ext_12th-Chemistry-I_0039,1,1,B,1,0,C,1,0,A
benqa_ext_12th-Chemistry-I_0046,1,0,C,1,1,D,1,1,D
benqa_ext_12th-Chemistry-I_0051,1,1,A,1,1,A,1,1,A
benqa_ext_12th-Chemistry-I_0063,1,1,A,1,1,A,1,1,A
benqa_ext_12th-Chemistry-I_0065,1,1,B,1,1,B,1,1,B
benqa_ext_12th-Chemistry-I_0068,1,1,D,1,1,D,1,1,D
benqa_ext_12th-Chemistry-I_0070,1,1,A,1,1,A,1,1,A
benqa_ext_12th-Chemistry-I_0081,1,1,C,1,1,C,1,1,C
benqa_ext_12th-Chemistry-I_0089,1,1,A,1,1,A,1,1,A
benqa_ext_12th-Chemistry-I_0096,1,0,B,1,0,B,1,0,B
benqa_ext_12th-Chemistry-I_0102,1,1,D,1,1,D,1,1,D
benqa_ext_12th-Chemistry-I_0103,1,1,B,1,1,B,1,1,B
benqa_ext_12th-Chemistry-I_0107,1,1,B,1,1,B,1,1,B
benqa_ext_12th-Chemistry-I_0116,1,1,B,1,1,B,1,1,B
benqa_ext_12th-Chemistry-I_0127,1,1,C,1,1,C,1,1,C
benqa_ext_12th-Chemistry-I_0130,1,1,A,1,1,A,1,1,A
benqa_ext_12th-Chemistry-I_0132,1,1,A,1,1,A,1,1,A
benqa_ext_12th-Chemistry-I_0133,1,1,B,1,1,B,1,1,B
benqa_ext_12th-Chemistry-I_0142,1,1,D,1,0,C,1,1,D
benqa_ext_12th-Chemistry-I_0147,1,1,B,1,0,C,1,1,B
benqa_ext_12th-Chemistry-I_0151,1,1,C,1,1,C,1,1,C
benqa_ext_12th-Chemistry-I_0153,1,1,C,1,1,C,1,1,C
benqa_ext_12th-Chemistry-I_0154,1,1,A,1,1,A,1,1,A
benqa_ext_12th-Chemistry-I_0157,1,1,C,1,0,D,1,1,C
benqa_ext_12th-Chemistry-I_0161,1,1,B,1,1,B,1,1,B
benqa_ext_12th-Chemistry-I_0163,1,0,D,1,0,D,1,0,C
benqa_ext_12th-Chemistry-I_0169,1,1,B,1,1,B,1,1,B
benqa_ext_12th-Chemistry-I_0175,1,1,A,1,0,B,1,1,A
benqa_ext_12th-Chemistry-I_0177,1,1,A,1,1,A,1,1,A
benqa_ext_12th-Chemistry-I_0178,1,1,D,1,1,D,1,0,B
benqa_ext_12th-Chemistry-I_0185,1,1,D,1,1,D,1,1,D
benqa_ext_12th-Chemistry-I_0189,1,1,C,1,1,C,1,1,C
benqa_ext_12th-Chemistry-I_0198,1,1,D,1,1,D,1,1,D
benqa_ext_12th-Chemistry-I_0199,1,0,D,1,0,A,1,1,B
benqa_ext_12th-Chemistry-I_0200,1,1,C,1,0,D,1,1,C
benqa_ext_12th-Chemistry-I_0205,1,1,A,1,1,A,1,1,A
benqa_ext_12th-Chemistry-I_0207,1,1,B,1,1,B,1,1,B
benqa_ext_12th-Chemistry-I_0212,1,1,C,1,0,D,1,0,B
benqa_ext_12th-Chemistry-I_0215,1,0,D,1,0,D,1,0,D
benqa_ext_12th-Chemistry-I_0220,1,1,B,1,0,D,1,1,B
benqa_ext_12th-Chemistry-I_0222,1,0,C,1,0,C,1,0,C
benqa_ext_12th-Chemistry-I_0226,1,1,C,1,1,C,1,1,C
benqa_ext_12th-Chemistry-I_0229,1,1,A,1,1,A,1,1,A
benqa_ext_12th-Chemistry-I_0231,1,1,C,1,1,C,1,1,C
benqa_ext_12th-Chemistry-I_0237,1,1,A,1,0,D,1,1,A
benqa_ext_12th-Chemistry-I_0250,1,1,A,1,1,A,1,1,A
benqa_ext_12th-Chemistry-I_0252,1,1,C,1,1,C,1,1,C
benqa_ext_12th-Chemistry-I_0258,1,1,B,1,1,B,1,1,B
benqa_ext_12th-Chemistry-I_0262,1,1,C,1,1,C,1,1,C
benqa_ext_12th-Chemistry-I_0264,1,0,A,1,0,A,1,1,C
benqa_ext_12th-Chemistry-I_0267,1,1,C,1,1,C,1,1,C
benqa_ext_12th-Chemistry-I_0274,1,1,A,1,1,A,1,1,A
benqa_ext_12th-Chemistry-I_0280,1,1,A,1,1,A,1,1,A
benqa_ext_12th-Chemistry-I_0285,1,1,D,1,1,D,1,1,D
benqa_ext_12th-Chemistry-I_0287,1,1,C,1,1,C,1,1,C
benqa_ext_12th-Chemistry-I_0299,1,1,A,1,1,A,1,1,A
benqa_ext_12th-Chemistry-I_0300,1,1,C,1,1,C,1,1,C
benqa_ext_12th-Chemistry-I_0320,1,1,C,1,1,C,1,1,C
benqa_ext_12th-Chemistry-I_0325,1,1,C,1,1,C,1,1,C
benqa_ext_12th-Chemistry-I_0330,1,1,B,1,0,D,1,1,B
benqa_ext_12th-Chemistry-I_0335,1,0,B,1,0,A,1,1,D
benqa_ext_12th-Chemistry-I_0336,1,1,D,1,0,C,1,1,D
benqa_ext_12th-Chemistry-I_0337,1,1,C,1,1,C,1,1,C
benqa_ext_12th-Chemistry-I_0338,1,0,D,1,0,C,1,0,D
benqa_ext_12th-Chemistry-I_0346,1,1,C,1,0,B,1,1,C
benqa_ext_12th-Chemistry-I_0347,1,1,D,1,1,D,1,1,D
benqa_ext_12th-Chemistry-I_0351,1,1,A,1,1,A,1,0,B
benqa_ext_12th-Chemistry-I_0357,1,1,B,1,1,B,1,1,B
benqa_ext_12th-Chemistry-I_0359,1,1,C,1,0,D,1,1,C
benqa_ext_12th-Chemistry-I_0366,1,1,C,1,1,C,1,1,C
benqa_ext_12th-Chemistry-I_0367,1,1,D,1,1,D,1,1,D
benqa_ext_12th-Math-II_0010,1,0,C,1,0,C,1,0,C
benqa_ext_12th-Math-II_0013,1,0,C,1,1,A,1,0,D
benqa_ext_12th-Math-II_0020,1,1,B,1,1,B,1,1,B
benqa_ext_12th-Math-II_0031,1,0,B,1,1,D,1,0,B
benqa_ext_12th-Math-II_0049,1,1,C,1,1,C,1,1,C
benqa_ext_12th-Math-II_0063,1,1,C,1,1,C,1,1,C
benqa_ext_12th-Math-II_0075,1,0,A,1,1,C,1,0,A
benqa_ext_12th-Math-II_0084,1,0,C,1,1,D,1,0,C
benqa_ext_12th-Math-II_0090,1,1,A,1,1,A,1,1,A
benqa_ext_12th-Math-II_0094,1,0,D,1,0,D,1,0,D
benqa_ext_12th-Math-II_0113,1,1,B,1,1,B,1,1,B
benqa_ext_12th-Math-II_0116,1,1,B,1,0,C,1,0,A
benqa_ext_12th-Math-II_0119,1,0,B,1,0,B,1,0,B
benqa_ext_12th-Math-II_0127,1,0,D,1,0,D,1,0,D
benqa_ext_12th-Math-II_0172,1,1,B,1,1,B,1,1,B
benqa_ext_12th-Math-II_0185,1,1,C,1,1,C,1,1,C
benqa_ext_12th-Math-II_0209,1,1,D,1,1,D,1,1,D
benqa_ext_12th-Math-II_0217,1,1,A,1,0,D,1,1,A
benqa_ext_12th-Math-II_0233,1,1,B,1,1,B,1,1,B
benqa_ext_12th-Math-II_0245,1,0,A,1,1,B,1,1,B
benqa_ext_12th-Math-II_0248,1,1,C,1,1,C,1,1,C
benqa_ext_12th-Math-II_0264,1,1,B,1,0,D,1,1,B
benqa_ext_12th-Math-II_0269,1,1,B,1,0,D,1,0,A
benqa_ext_12th-Math-II_0285,1,1,B,1,1,B,1,1,B
benqa_ext_12th-Math-II_0287,1,1,A,1,1,A,1,1,A
benqa_ext_12th-Math-II_0291,1,1,C,1,1,C,1,1,C
benqa_ext_12th-Math-II_0317,1,1,B,1,0,C,1,1,B
benqa_ext_12th-Math-II_0321,1,1,D,1,1,D,1,1,D
benqa_ext_12th-Math-II_0322,1,1,D,1,1,D,1,1,D
benqa_ext_12th-Math-II_0328,1,1,C,1,1,C,1,1,C
benqa_ext_12th-Math-II_0347,1,1,A,1,0,B,1,1,A
benqa_ext_12th-Math-II_0354,1,1,A,1,0,C,1,1,A
benqa_ext_12th-Math-II_0359,1,1,B,1,1,B,1,1,B
benqa_ext_12th-Math-II_0361,1,1,D,1,1,D,1,1,D
benqa_ext_12th-Math-II_0375,1,0,B,1,1,A,1,0,B
benqa_ext_12th-Math-I_0009,1,0,D,1,0,B,1,1,A
benqa_ext_12th-Math-I_0011,1,1,C,1,1,C,1,1,C
benqa_ext_12th-Math-I_0014,1,1,B,1,1,B,1,1,B
benqa_ext_12th-Math-I_0018,1,1,B,1,1,B,1,1,B
benqa_ext_12th-Math-I_0022,1,1,D,1,1,D,1,1,D
benqa_ext_12th-Math-I_0024,1,1,C,1,1,C,1,1,C
benqa_ext_12th-Math-I_0026,1,1,A,1,1,A,1,0,D
benqa_ext_12th-Math-I_0030,1,0,D,1,0,D,1,0,D
benqa_ext_12th-Math-I_0037,1,0,A,1,1,D,1,1,D
benqa_ext_12th-Math-I_0044,1,1,B,1,1,B,1,1,B
benqa_ext_12th-Math-I_0052,1,1,D,1,1,D,1,1,D
benqa_ext_12th-Math-I_0054,1,1,C,1,1,C,1,1,C
benqa_ext_12th-Math-I_0059,1,1,D,1,1,D,1,1,D
benqa_ext_12th-Math-I_0065,1,1,B,1,1,B,1,1,B
benqa_ext_12th-Math-I_0077,1,1,B,1,1,B,1,1,B
benqa_ext_12th-Math-I_0084,1,1,C,1,0,B,1,1,C
benqa_ext_12th-Math-I_0090,1,1,A,1,1,A,1,1,A
benqa_ext_12th-Math-I_0095,1,1,B,1,1,B,1,1,B
benqa_ext_12th-Math-I_0106,1,1,C,1,1,C,1,1,C
benqa_ext_12th-Math-I_0107,1,0,C,1,0,D,1,0,C
benqa_ext_12th-Math-I_0108,1,1,B,1,1,B,1,0,A
benqa_ext_12th-Math-I_0115,1,1,A,1,0,B,1,1,A
benqa_ext_12th-Math-I_0121,1,1,A,1,1,A,1,1,A
benqa_ext_12th-Math-I_0127,1,0,B,1,1,A,1,0,B
benqa_ext_12th-Math-I_0131,1,1,C,1,0,B,1,0,D
benqa_ext_12th-Math-I_0135,1,1,A,1,1,A,1,1,A
benqa_ext_12th-Math-I_0141,1,1,C,1,1,C,1,1,C
benqa_ext_12th-Math-I_0143,1,1,C,1,1,C,1,1,C
benqa_ext_12th-Math-I_0153,1,1,C,1,1,C,1,1,C
benqa_ext_12th-Math-I_0160,1,1,A,1,1,A,1,1,A
benqa_ext_12th-Math-I_0167,1,0,D,1,0,D,1,0,D
benqa_ext_12th-Math-I_0169,1,1,A,1,1,A,1,1,A
benqa_ext_12th-Math-I_0170,1,1,D,1,1,D,1,1,D
benqa_ext_12th-Math-I_0176,1,1,B,1,1,B,1,1,B
benqa_ext_12th-Math-I_0178,1,1,A,1,1,A,1,1,A
benqa_ext_12th-Math-I_0180,1,0,B,1,1,C,1,1,C
benqa_ext_12th-Math-I_0189,1,0,B,1,0,D,1,1,C
benqa_ext_12th-Math-I_0192,1,0,B,1,0,B,1,1,D
benqa_ext_12th-Math-I_0197,1,1,D,1,0,B,1,1,D
benqa_ext_12th-Math-I_0200,1,0,B,1,0,B,1,0,D
benqa_ext_12th-Math-I_0204,1,1,C,1,1,C,1,1,C
benqa_ext_12th-Math-I_0214,1,1,B,1,1,B,1,1,B
benqa_ext_12th-Math-I_0216,1,0,A,1,0,B,1,0,A
benqa_ext_12th-Math-I_0221,1,1,A,1,1,A,1,1,A
benqa_ext_12th-Math-I_0223,1,1,D,1,1,D,1,1,D
benqa_ext_12th-Math-I_0226,1,0,B,1,1,A,1,1,A
benqa_ext_12th-Math-I_0230,1,1,B,1,1,B,1,1,B
benqa_ext_12th-Math-I_0237,1,1,B,1,1,B,1,1,B
benqa_ext_12th-Math-I_0241,1,1,B,1,1,B,1,1,B
benqa_ext_12th-Math-I_0243,1,0,A,1,0,B,1,0,A
benqa_ext_12th-Math-I_0264,1,1,D,1,0,A,1,1,D
benqa_ext_12th-Math-I_0275,1,1,A,1,1,A,1,0,B
benqa_ext_12th-Math-I_0279,1,1,B,1,1,B,1,1,B
benqa_ext_12th-Math-I_0281,1,0,D,1,0,D,1,0,D
benqa_ext_12th-Math-I_0282,1,1,D,1,1,D,1,1,D
benqa_ext_12th-Math-I_0283,1,0,C,1,1,D,1,0,B
benqa_ext_12th-Math-I_0295,1,1,D,1,1,D,1,1,D
benqa_ext_12th-Math-I_0299,1,1,D,1,1,D,1,1,D
benqa_ext_12th-Math-I_0300,1,1,A,1,1,A,1,1,A
benqa_ext_12th-Math-I_0312,1,1,D,1,0,C,1,1,D
benqa_ext_12th-Math-I_0315,1,1,C,1,1,C,1,0,D
benqa_ext_12th-Math-I_0317,1,1,B,1,1,B,1,1,B
benqa_ext_12th-Math-I_0322,1,0,B,1,0,B,1,0,B
benqa_ext_12th-Math-I_0334,1,1,C,1,1,C,1,1,C
benqa_ext_12th-Math-I_0339,1,0,C,1,1,A,1,0,B
benqa_ext_12th-Math-I_0347,1,1,B,1,1,B,1,1,B
benqa_ext_12th-Math-I_0348,1,1,D,1,1,D,1,1,D
benqa_ext_12th-Math-I_0364,1,1,B,1,1,B,1,1,B
benqa_ext_12th-Math-I_0372,1,1,D,1,1,D,1,1,D
benqa_ext_12th-Math-I_0373,1,1,C,1,1,C,1,1,C
benqa_ext_12th-Math-I_0379,1,1,B,1,1,B,1,1,B
benqa_ext_12th-Math-I_0384,1,1,A,1,1,A,1,1,A
benqa_ext_12th-Math-I_0394,1,0,B,1,0,B,1,0,B
benqa_ext_12th-Physics-II_0004,1,1,C,1,1,C,1,1,C
benqa_ext_12th-Physics-II_0010,1,1,A,1,1,A,1,1,A
benqa_ext_12th-Physics-II_0013,1,1,A,1,1,A,1,1,A
benqa_ext_12th-Physics-II_0016,1,1,C,1,1,C,1,1,C
benqa_ext_12th-Physics-II_0020,1,1,A,1,1,A,1,1,A
benqa_ext_12th-Physics-II_0022,1,1,B,1,1,B,1,1,B
benqa_ext_12th-Physics-II_0030,1,1,B,1,1,B,1,1,B
benqa_ext_12th-Physics-II_0032,1,1,D,1,1,D,1,1,D
benqa_ext_12th-Physics-II_0033,1,1,A,1,0,B,1,1,A
benqa_ext_12th-Physics-II_0043,1,1,D,1,1,D,1,1,D
benqa_ext_12th-Physics-II_0044,1,1,B,1,1,B,1,1,B
benqa_ext_12th-Physics-II_0049,1,1,A,1,1,A,1,1,A
benqa_ext_12th-Physics-II_0054,1,1,B,1,1,B,1,1,B
benqa_ext_12th-Physics-II_0062,1,1,D,1,1,D,1,1,D
benqa_ext_12th-Physics-II_0066,1,1,C,1,1,C,1,1,C
benqa_ext_12th-Physics-II_0068,1,1,A,1,0,B,1,1,A
benqa_ext_12th-Physics-II_0072,1,1,C,1,1,C,1,1,C
benqa_ext_12th-Physics-II_0090,1,1,B,1,1,B,1,1,B
benqa_ext_12th-Physics-II_0096,1,1,A,1,1,A,1,1,A
benqa_ext_12th-Physics-II_0098,1,1,B,1,1,B,1,1,B
benqa_ext_12th-Physics-II_0100,1,0,C,1,1,B,1,0,C
benqa_ext_12th-Physics-II_0108,1,1,C,1,1,C,1,1,C
benqa_ext_12th-Physics-II_0115,1,1,D,1,0,C,1,1,D
benqa_ext_12th-Physics-II_0116,1,1,C,1,1,C,1,1,C
benqa_ext_12th-Physics-II_0123,1,1,C,1,1,C,1,1,C
benqa_ext_12th-Physics-II_0128,1,1,A,1,1,A,1,1,A
benqa_ext_12th-Physics-II_0135,1,1,C,1,1,C,1,0,B
benqa_ext_12th-Physics-II_0140,1,1,D,1,1,D,1,1,D
benqa_ext_12th-Physics-II_0156,1,1,C,1,1,C,1,1,C
benqa_ext_12th-Physics-II_0165,1,1,C,1,1,C,1,1,C
benqa_ext_12th-Physics-II_0167,1,1,A,1,1,A,1,1,A
benqa_ext_12th-Physics-II_0170,1,1,A,1,0,D,1,1,A
benqa_ext_12th-Physics-II_0171,1,0,D,1,0,D,1,0,D
benqa_ext_12th-Physics-II_0182,1,1,C,1,1,C,1,1,C
benqa_ext_12th-Physics-II_0185,1,1,A,1,1,A,1,1,A
benqa_ext_12th-Physics-II_0188,1,0,A,1,0,A,1,1,D
benqa_ext_12th-Physics-II_0191,1,1,C,1,1,C,1,1,C
benqa_ext_12th-Physics-II_0194,1,1,B,1,1,B,1,1,B
benqa_ext_12th-Physics-II_0196,1,1,B,1,1,B,1,1,B
benqa_ext_12th-Physics-II_0202,1,1,B,1,1,B,1,1,B
benqa_ext_12th-Physics-II_0207,1,1,D,1,1,D,1,1,D
benqa_ext_12th-Physics-II_0209,1,0,D,1,0,C,1,1,A
benqa_ext_12th-Physics-II_0210,1,1,A,1,1,A,1,1,A
benqa_ext_12th-Physics-II_0218,1,1,C,1,1,C,1,1,C
benqa_ext_12th-Physics-II_0223,1,1,C,1,1,C,1,1,C
benqa_ext_12th-Physics-II_0224,1,1,A,1,1,A,1,1,A
benqa_ext_12th-Physics-II_0226,1,1,C,1,1,C,1,1,C
benqa_ext_12th-Physics-II_0238,1,1,A,1,1,A,1,1,A
benqa_ext_12th-Physics-II_0241,1,1,B,1,1,B,1,1,B
benqa_ext_12th-Physics-II_0244,1,1,D,1,1,D,1,1,D
benqa_ext_12th-Physics-II_0253,1,1,C,1,1,C,1,1,C
benqa_ext_12th-Physics-II_0259,1,1,B,1,1,B,1,1,B
benqa_ext_12th-Physics-II_0261,1,1,D,1,1,D,1,1,D
benqa_ext_12th-Physics-II_0268,1,1,D,1,1,D,1,1,D
benqa_ext_12th-Physics-II_0273,1,1,C,1,1,C,1,1,C
benqa_ext_12th-Physics-II_0275,1,1,B,1,1,B,1,1,B
benqa_ext_12th-Physics-II_0279,1,1,B,1,1,B,1,1,B
benqa_ext_12th-Physics-II_0282,1,1,C,1,1,C,1,1,C
benqa_ext_12th-Physics-II_0284,1,1,D,1,1,D,1,1,D
benqa_ext_12th-Physics-II_0288,1,1,B,1,0,D,1,1,B
benqa_ext_12th-Physics-II_0291,1,1,D,1,1,D,1,1,D
benqa_ext_12th-Physics-II_0296,1,1,C,1,1,C,1,0,B
benqa_ext_12th-Physics-II_0307,1,1,B,1,1,B,1,1,B
benqa_ext_12th-Physics-II_0308,1,0,B,1,0,B,1,0,B
benqa_ext_12th-Physics-II_0309,1,1,B,1,1,B,1,1,B
benqa_ext_12th-Physics-II_0311,1,1,B,1,1,B,1,1,B
benqa_ext_12th-Physics-II_0314,1,1,B,1,1,B,1,1,B
benqa_ext_12th-Physics-II_0320,1,1,B,1,1,B,1,1,B
benqa_ext_12th-Physics-II_0321,1,1,D,1,1,D,1,1,D
benqa_ext_12th-Physics-II_0322,1,1,D,1,1,D,1,1,D
benqa_ext_12th-Physics-II_0323,1,1,C,1,1,C,1,1,C
benqa_ext_12th-Physics-II_0326,1,1,B,1,1,B,1,1,B
benqa_ext_12th-Physics-II_0329,1,1,A,1,0,D,1,1,A
benqa_ext_12th-Physics-II_0330,1,1,B,1,1,B,1,1,B
benqa_ext_12th-Physics-II_0331,1,1,A,1,0,B,1,1,A
benqa_ext_12th-Physics-II_0332,1,1,D,1,1,D,1,1,D
benqa_ext_12th-Physics-I_0001,1,0,B,1,0,B,1,1,C
benqa_ext_12th-Physics-I_0003,1,0,B,1,1,C,1,1,C
benqa_ext_12th-Physics-I_0004,1,1,A,1,1,A,1,1,A
benqa_ext_12th-Physics-I_0010,1,1,C,1,1,C,1,1,C
benqa_ext_12th-Physics-I_0013,1,1,B,1,1,B,1,1,B
benqa_ext_12th-Physics-I_0014,1,1,A,1,1,A,1,1,A
benqa_ext_12th-Physics-I_0021,1,1,A,1,1,A,1,1,A
benqa_ext_12th-Physics-I_0028,1,1,A,1,1,A,1,1,A
benqa_ext_12th-Physics-I_0030,1,1,D,1,1,D,1,1,D
benqa_ext_12th-Physics-I_0031,1,1,A,1,0,C,1,1,A
benqa_ext_12th-Physics-I_0034,1,1,A,1,1,A,1,1,A
benqa_ext_12th-Physics-I_0037,1,1,A,1,1,A,1,1,A
benqa_ext_12th-Physics-I_0039,1,1,C,1,1,C,1,1,C
benqa_ext_12th-Physics-I_0040,1,1,A,1,0,D,1,1,A
benqa_ext_12th-Physics-I_0043,1,1,C,1,1,C,1,1,C
benqa_ext_12th-Physics-I_0047,1,1,C,1,0,A,1,1,C
benqa_ext_12th-Physics-I_0052,1,1,C,1,1,C,1,1,C
benqa_ext_12th-Physics-I_0057,1,1,A,1,1,A,1,1,A
benqa_ext_12th-Physics-I_0059,1,1,A,1,1,A,1,1,A
benqa_ext_12th-Physics-I_0062,1,1,B,1,1,B,1,1,B
benqa_ext_12th-Physics-I_0069,1,1,A,1,0,B,1,1,A
benqa_ext_12th-Physics-I_0086,1,0,B,1,0,C,1,0,B
benqa_ext_12th-Physics-I_0088,1,1,C,1,1,C,1,1,C
benqa_ext_12th-Physics-I_0096,1,1,D,1,1,D,1,1,D
benqa_ext_12th-Physics-I_0097,1,1,C,1,1,C,1,1,C
benqa_ext_12th-Physics-I_0098,1,0,C,1,0,C,1,1,D
benqa_ext_12th-Physics-I_0103,1,1,B,1,0,D,1,1,B
benqa_ext_12th-Physics-I_0110,1,1,A,1,1,A,1,1,A
benqa_ext_12th-Physics-I_0112,1,1,A,1,0,B,1,1,A
benqa_ext_12th-Physics-I_0116,1,0,B,1,0,B,1,1,C
benqa_ext_12th-Physics-I_0117,1,1,D,1,1,D,1,1,D
benqa_ext_12th-Physics-I_0118,1,1,B,1,1,B,1,1,B
benqa_ext_12th-Physics-I_0130,1,1,A,1,0,B,1,1,A
benqa_ext_12th-Physics-I_0131,1,1,B,1,1,B,1,1,B
benqa_ext_12th-Physics-I_0132,1,1,D,1,1,D,1,1,D
benqa_ext_12th-Physics-I_0135,1,1,C,1,1,C,1,1,C
benqa_ext_12th-Physics-I_0137,1,1,D,1,1,D,1,0,B
benqa_ext_12th-Physics-I_0138,1,1,B,1,1,B,1,1,B
benqa_ext_12th-Physics-I_0150,1,1,B,1,1,B,1,1,B
benqa_ext_12th-Physics-I_0152,1,1,C,1,1,C,1,1,C
benqa_ext_12th-Physics-I_0159,1,0,C,1,1,D,1,0,C
benqa_ext_12th-Physics-I_0161,1,0,D,1,0,A,1,1,C
benqa_ext_12th-Physics-I_0163,1,1,D,1,1,D,1,1,D
benqa_ext_12th-Physics-I_0166,1,1,B,1,1,B,1,1,B
benqa_ext_12th-Physics-I_0170,1,1,B,1,1,B,1,1,B
benqa_ext_12th-Physics-I_0178,1,1,B,1,0,D,1,1,B
benqa_ext_12th-Physics-I_0182,1,1,C,1,1,C,1,1,C
benqa_ext_12th-Physics-I_0186,1,1,A,1,1,A,1,1,A
benqa_ext_12th-Physics-I_0189,1,1,D,1,1,D,1,1,D
benqa_ext_12th-Physics-I_0192,1,1,D,1,1,D,1,1,D
benqa_ext_12th-Physics-I_0195,1,1,C,1,0,A,1,1,C
benqa_ext_12th-Physics-I_0204,1,0,C,1,0,C,1,0,C
benqa_ext_12th-Physics-I_0205,1,1,D,1,1,D,1,1,D
benqa_ext_12th-Physics-I_0219,1,1,B,1,0,A,1,1,B
benqa_ext_12th-Physics-I_0223,1,1,D,1,1,D,1,0,B
benqa_ext_12th-Physics-I_0225,1,1,D,1,1,D,1,1,D
benqa_ext_12th-Physics-I_0227,1,1,A,1,1,A,1,1,A
benqa_ext_12th-Physics-I_0229,1,1,B,1,1,B,1,1,B
benqa_ext_12th-Physics-I_0238,1,1,D,1,1,D,1,1,D
benqa_ext_12th-Physics-I_0245,1,1,C,1,1,C,1,1,C
benqa_ext_12th-Physics-I_0247,1,1,A,1,1,A,1,1,A
benqa_ext_12th-Physics-I_0251,1,1,A,1,1,A,1,1,A
benqa_ext_12th-Physics-I_0259,1,1,B,1,1,B,1,1,B
benqa_ext_12th-Physics-I_0274,1,1,B,1,1,B,1,1,B
benqa_ext_12th-Physics-I_0278,1,1,A,1,1,A,1,1,A
benqa_ext_12th-Physics-I_0282,1,1,C,1,1,C,1,1,C
benqa_ext_12th-Physics-I_0283,1,0,C,1,0,C,1,1,B
benqa_ext_12th-Physics-I_0285,1,1,A,1,0,B,1,1,A
benqa_ext_12th-Physics-I_0286,1,1,A,1,1,A,1,1,A
benqa_ext_12th-Physics-I_0294,1,1,D,1,0,A,1,0,A
benqa_ext_12th-Physics-I_0295,1,1,B,1,0,A,1,1,B
benqa_ext_12th-Physics-I_0296,1,1,C,1,0,A,1,1,C
benqa_ext_12th-Physics-I_0299,1,1,C,1,1,C,1,1,C
benqa_ext_12th-Physics-I_0303,1,1,B,1,0,C,1,1,B
benqa_ext_8th-Math_0003,1,0,B,1,0,B,1,0,D
benqa_ext_8th-Math_0014,1,1,D,1,1,D,1,1,D
benqa_ext_8th-Math_0016,1,0,B,1,0,B,1,0,B
benqa_ext_8th-Math_0018,1,1,B,1,1,B,1,1,B
benqa_ext_8th-Math_0020,1,1,C,1,1,C,1,1,C
benqa_ext_8th-Math_0036,1,1,A,1,1,A,1,0,D
benqa_ext_8th-Math_0055,1,1,C,1,1,C,1,1,C
benqa_ext_8th-Math_0061,1,0,C,1,0,C,1,0,C
benqa_ext_8th-Math_0074,1,0,B,1,0,B,1,0,D
benqa_ext_8th-Math_0083,1,1,D,1,1,D,1,1,D
benqa_ext_8th-Math_0084,1,0,B,1,0,B,1,1,C
benqa_ext_8th-Math_0089,1,1,B,1,1,B,1,1,B
benqa_ext_8th-Math_0092,1,1,D,1,1,D,1,1,D
benqa_ext_8th-Math_0103,1,1,A,1,0,D,1,1,A
benqa_ext_8th-Math_0108,1,1,C,1,1,C,1,1,C
benqa_ext_8th-Math_0111,1,1,A,1,1,A,1,1,A
benqa_ext_8th-Math_0120,1,1,D,1,1,D,1,1,D
benqa_ext_8th-Math_0142,1,1,D,1,1,D,1,1,D
benqa_ext_8th-Math_0143,1,1,C,1,0,B,1,1,C
benqa_ext_8th-Math_0148,1,1,C,1,1,C,1,1,C
benqa_ext_8th-Math_0154,1,1,B,1,1,B,1,0,D
benqa_ext_8th-Math_0156,1,0,D,1,0,D,1,1,C
benqa_ext_8th-Math_0157,1,1,A,1,1,A,1,0,B
benqa_ext_8th-Math_0181,1,1,D,1,1,D,1,1,D
benqa_ext_8th-Math_0192,1,1,D,1,1,D,1,1,D
benqa_ext_8th-Math_0195,1,0,B,1,0,B,1,1,A
benqa_ext_8th-Math_0202,1,1,C,1,1,C,1,1,C
benqa_ext_8th-Science_0001,1,1,D,1,1,D,1,1,D
benqa_ext_8th-Science_0002,1,1,C,1,1,C,1,1,C
benqa_ext_8th-Science_0004,1,1,C,1,0,B,1,1,C
benqa_ext_8th-Science_0007,1,1,A,1,1,A,1,1,A
benqa_ext_8th-Science_0010,1,1,D,1,1,D,1,0,A
benqa_ext_8th-Science_0011,1,1,A,1,1,A,1,1,A
benqa_ext_8th-Science_0012,1,1,C,1,1,C,1,1,C
benqa_ext_8th-Science_0020,1,0,C,1,0,C,1,0,C
benqa_ext_8th-Science_0021,1,1,C,1,1,C,1,1,C
benqa_ext_8th-Science_0028,1,1,B,1,0,A,1,1,B
benqa_ext_8th-Science_0034,1,1,A,1,1,A,1,1,A
benqa_ext_8th-Science_0038,1,1,C,1,1,C,1,1,C
benqa_ext_8th-Science_0045,1,1,B,1,1,B,1,1,B
benqa_ext_8th-Science_0046,1,1,D,1,1,D,1,1,D
benqa_ext_8th-Science_0048,1,1,B,1,1,B,1,1,B
benqa_ext_8th-Science_0049,1,0,B,1,1,C,1,0,A
benqa_ext_8th-Science_0050,1,1,A,1,1,A,1,1,A
benqa_ext_8th-Science_0053,1,1,D,1,1,D,1,1,D
benqa_ext_8th-Science_0057,1,1,A,1,1,A,1,1,A
benqa_ext_8th-Science_0059,1,1,C,1,1,C,1,1,C
benqa_ext_8th-Science_0060,1,1,B,1,1,B,1,1,B
benqa_ext_8th-Science_0063,1,1,A,1,1,A,1,1,A
benqa_ext_8th-Science_0077,1,0,B,1,0,B,1,1,D
benqa_ext_8th-Science_0082,1,1,C,1,1,C,1,1,C
benqa_ext_8th-Science_0083,1,1,D,1,1,D,1,1,D
benqa_ext_8th-Science_0088,1,1,B,1,1,B,1,1,B
benqa_ext_8th-Science_0090,1,1,C,1,1,C,1,1,C
benqa_ext_8th-Science_0095,1,1,C,1,1,C,1,1,C
benqa_ext_8th-Science_0097,1,1,A,1,0,D,1,1,A
benqa_ext_8th-Science_0103,1,1,A,1,1,A,1,1,A
benqa_ext_8th-Science_0104,1,1,C,1,1,C,1,1,C
benqa_ext_8th-Science_0110,1,1,D,1,1,D,1,0,A
benqa_ext_8th-Science_0114,1,1,A,1,1,A,1,1,A
benqa_ext_8th-Science_0116,1,1,B,1,1,B,1,1,B
benqa_ext_8th-Science_0119,1,1,C,1,1,C,1,1,C
benqa_ext_8th-Science_0124,1,1,D,1,1,D,1,1,D
benqa_ext_8th-Science_0125,1,0,C,1,0,C,1,0,C
benqa_ext_8th-Science_0128,1,1,A,1,1,A,1,1,A
benqa_ext_8th-Science_0129,1,0,B,1,0,D,1,0,C
benqa_ext_8th-Science_0131,1,1,B,1,1,B,1,1,B
benqa_ext_8th-Science_0134,1,1,D,1,1,D,1,1,D
benqa_ext_8th-Science_0144,1,1,A,1,1,A,1,1,A
benqa_ext_8th-Science_0146,1,1,D,1,0,C,1,1,D
benqa_ext_8th-Science_0147,1,1,C,1,1,C,1,1,C
benqa_ext_8th-Science_0154,1,1,C,1,1,C,1,1,C
benqa_ext_8th-Science_0155,1,0,B,1,1,A,1,1,A
benqa_ext_8th-Science_0156,1,1,D,1,1,D,1,1,D
benqa_ext_8th-Science_0168,1,1,B,1,1,B,1,1,B
benqa_ext_8th-Science_0171,1,1,B,1,1,B,1,1,B
benqa_ext_8th-Science_0173,1,1,A,1,0,B,1,1,A
benqa_ext_8th-Science_0175,1,1,B,1,1,B,1,1,B
benqa_ext_8th-Science_0178,1,0,B,1,0,D,1,1,C
benqa_ext_8th-Science_0179,1,1,D,1,1,D,1,1,D
benqa_ext_8th-Science_0180,1,1,C,1,1,C,1,1,C
benqa_ext_8th-Science_0181,1,1,D,1,1,D,1,1,D
benqa_ext_8th-Science_0182,1,1,A,1,1,A,1,1,A
benqa_ext_8th-Science_0187,1,1,C,1,1,C,1,0,D
benqa_ext_8th-Science_0188,1,1,D,1,1,D,1,1,D
benqa_ext_8th-Science_0191,1,1,A,1,0,D,1,0,D
benqa_ext_8th-Science_0194,1,1,D,1,0,C,1,1,D
benqa_ext_8th-Science_0196,1,1,B,1,1,B,1,1,B
benqa_ext_8th-Science_0199,1,1,D,1,0,B,1,1,D
benqa_ext_8th-Science_0201,1,1,C,1,0,B,1,1,C
benqa_ext_8th-Science_0203,1,1,C,1,1,C,1,1,C
benqa_ext_8th-Science_0205,1,1,B,1,1,B,1,1,B
benqa_ext_8th-Science_0206,1,1,D,1,1,D,1,0,B
benqa_ext_8th-Science_0209,1,1,B,1,1,B,1,1,B
benqa_ext_8th-Science_0210,1,0,A,1,0,A,1,0,A
benqa_ext_8th-Science_0216,1,1,B,1,1,B,1,1,B
benqa_ext_8th-Science_0222,1,1,B,1,1,B,1,0,C
benqa_ext_8th-Science_0223,1,1,B,1,0,D,1,1,B
benqa_ext_8th-Science_0224,1,1,B,1,1,B,1,1,B
benqa_ext_8th-Science_0225,1,1,A,1,1,A,1,1,A
benqa_ext_8th-Science_0226,1,1,C,1,0,A,1,1,C
benqa_ext_8th-Science_0228,1,1,C,1,1,C,1,1,C
