id,dataset,domain,subject,grade,task_type,quality_status,review_label,answer,options_parsed,stem_token_count,stem_seen_token_count,stem_unique_token_count,stem_seen_unique_token_count,stem_coverage,stem_unique_coverage,stem_top_unseen,stem_preview,options_all_token_count,options_all_seen_token_count,options_all_unique_token_count,options_all_seen_unique_token_count,options_all_coverage,options_all_unique_coverage,options_all_top_unseen,options_all_preview,gold_option_token_count,gold_option_seen_token_count,gold_option_unique_token_count,gold_option_seen_unique_token_count,gold_option_coverage,gold_option_unique_coverage,gold_option_top_unseen,gold_option_preview,bangla_correct_models,banglish_correct_models,english_correct_models,banglish_fragility_events,strict_bangla_english_fragility_events,banglish_preview
benqa_12th-Biology-I_0265,benqa,biology-i,Biology-I,12th,mcq,human_reviewed_banglish_v5,minor_edit,A,4,44,15,39,11,0.3409,0.2821,banchiye; bandol; bhaskular; boishishtyogulo; byoboharik; dekholo; ekokoshi; iii; kendrer; khabar; khaddo; khonij,"mi. 'k' byoboharik klase ekti nomunar poryobekshon kore dekholo metajailem kendrer dike, bhaskula...",6,3,2,1,0.5,0.5,iii,"i o ii ii o iii i o iii i, ii, o iii",1,1,1,1,1.0,1.0,,i o ii,1,0,3,3,1,"mi. 'k' byoboharik klase ekti nomunar poryobekshon kore dekholo metajailem kendrer dike, bhaskular bandol 9ti ebong kichhu ekok..."
benqa_12th-Chemistry-II_0240,benqa,chemistry-ii,Chemistry-II,12th,mcq,auto_romanized_unverified_v4,unreviewed,B,4,14,4,13,4,0.2857,0.3077,bikriyati; cao; ch; coona; delta; naoh; porichit; uddipoker; xrightarrow,CH_{3} - CH_{2} - COONa + NaOH \xrightarrow[\Delta]{CaO} A + Na_{2}CO_{3} uddipoker bikriyati ki...,11,1,7,1,0.0909,0.1429,bikriya; fitig; fridel; karboksileshon; kraf; urtoj,urtoj bikriya di-karboksileshon bikriya urtoj fitig bikriya fridel kraf‌t bikriya,3,1,3,1,0.3333,0.3333,bikriya; karboksileshon,di-karboksileshon bikriya,1,2,2,1,1,CH_{3} - CH_{2} - COONa + NaOH \xrightarrow[\Delta]{CaO} A + Na_{2}CO_{3} uddipoker bikriyati ki name porichit? A. urtoj bikriy...
benqa_10th-Chemistry_0111,benqa,chemistry,Chemistry,10th,mcq,auto_romanized_unverified_v4,unreviewed,D,4,8,2,8,2,0.25,0.25,binyasobishisht; ilekotron; mouloti; obosthit; poryay; saronir,1s^{2}2s^{2}2p^{2} ilekotron binyasobishisht mouloti poryay saronir kon grupe obosthit?,4,4,1,1,1.0,1.0,,grup-1 grup-3 grup-5 grup-13,1,1,1,1,1.0,1.0,,grup-13,1,1,1,0,0,1s^{2}2s^{2}2p^{2} ilekotron binyasobishisht mouloti poryay saronir kon grupe obosthit? A. grup-1 B. grup-3 C. grup-5 D. grup-1...
benqa_10th-Math_0186,benqa,math,Math,10th,mcq,auto_romanized_unverified_v4,unreviewed,C,4,6,2,6,2,0.3333,0.3333,bindu; chortubhage; obosthit; somikoronodboyer,2x + y = 1 o x = - 4 somikoronodboyer somadhan bindu kon chortubhage obosthit?,4,4,4,4,1.0,1.0,,4th 3rd 2nd 1st,1,1,1,1,1.0,1.0,,2nd,0,0,0,0,0,"2x + y = 1 o x = - 4 somikoronodboyer somadhan bindu kon chortubhage obosthit? A. 4th B. 3rd C. 2nd D. 1st Answer with only A,..."
benqa_12th-Chemistry-II_0194,benqa,chemistry-ii,Chemistry-II,12th,mcq,auto_romanized_unverified_v4,unreviewed,A,4,4,2,4,2,0.5,0.5,byobohrit; semikondaktor,semikondaktor hisebe byobohrit hoy-,4,0,4,0,0.0,0.0,al; cu; ge; zn,Ge Zn Cu Al,1,0,1,0,0.0,0.0,ge,Ge,2,1,3,2,1,"semikondaktor hisebe byobohrit hoy- A. Ge B. Zn C. Cu D. Al Answer with only A, B, C, or D."
benqa_12th-Chemistry-II_0054,benqa,chemistry-ii,Chemistry-II,12th,mcq,auto_romanized_unverified_v4,unreviewed,A,4,4,1,4,1,0.25,0.25,amaider; karyokori; mulok,amaider karyokori mulok holo-,8,5,5,2,0.625,0.4,cho; conh; cox,\text{-CONH_{2}} \text{-COX} \text{-CHO} \text{-NH_{2}},2,1,2,1,0.5,0.5,conh,\text{-CONH_{2}},2,2,3,1,1,"amaider karyokori mulok holo- A. \text{-CONH_{2}} B. \text{-COX} C. \text{-CHO} D. \text{-NH_{2}} Answer with only A, B, C, or D."
benqa_12th-Math-II_0234,benqa,math-ii,Math-II,12th,mcq,auto_romanized_unverified_v4,unreviewed,A,4,14,8,11,7,0.5714,0.6364,alpha; frac; mulodboy; somikoroner,jodi x^{2} - 4x + 3 = 0 somikoroner mulodboy \alpha ebong \beta hoy tobe \frac{1}{\alpha} + frac{...,4,0,1,0,0.0,0.0,frac,\frac{4}{3} \frac{3}{4} \frac-4}{3} \frac{-3}{4},1,0,1,0,0.0,0.0,frac,\frac{4}{3},2,1,2,1,1,jodi x^{2} - 4x + 3 = 0 somikoroner mulodboy \alpha ebong \beta hoy tobe \frac{1}{\alpha} + frac{1}{\beta} er man- A. \frac{4}{...
benqa_10th-Math_0271,benqa,math,Math,10th,mcq,human_reviewed_banglish_v5,minor_edit,D,4,12,5,12,5,0.4167,0.4167,chhara; duti; ongkon; sthulokon; sthulokoni; tribhuj; tribhujer,sthulokoni tribhujer sthulokon chhara baki kon duti koto hole tribhuj ongkon sombhob?,8,0,1,0,0.0,0.0,degree,30\degree o 60\degree 40\degree o 50\degree 45\degree o 45\degree 50\degree o 30\degree,2,0,1,0,0.0,0.0,degree,50\degree o 30\degree,1,0,2,2,1,sthulokoni tribhujer sthulokon chhara baki kon duti koto hole tribhuj ongkon sombhob? A. 30\degree o 60\degree B. 40\degree o 5...
benqa_10th-Physics_0045,benqa,physics,Physics,10th,mcq,human_reviewed_banglish_v5,minor_edit,A,4,12,5,12,5,0.4167,0.4167,beg; bhorer; bostur; dwigun; gotishokti; gun; nirdisht,kon nirdisht bhorer kono bostur beg dwigun korle gotishokti koto gun hobe?,4,0,4,0,0.0,0.0,charogun; dwigun; ordhek; soman,charogun dwigun ordhek soman,1,0,1,0,0.0,0.0,charogun,charogun,2,2,3,1,0,kon nirdisht bhorer kono bostur beg dwigun korle gotishokti koto gun hobe? A. charogun B. dwigun C. ordhek D. soman Answer with...
benqa_8th-Science_0086,benqa,science,Science,8th,mcq,auto_romanized_unverified_v4,unreviewed,A,4,5,1,5,1,0.2,0.2,konotir; madhyome; ofoseter; projonon,konotir projonon ofoseter madhyome hoy?,4,0,4,0,0.0,0.0,peyara; pinyaj; pudina; topapana,topapana pudina pinyaj peyara,1,0,1,0,0.0,0.0,topapana,topapana,1,1,2,1,0,"konotir projonon ofoseter madhyome hoy? A. topapana B. pudina C. pinyaj D. peyara Answer with only A, B, C, or D."
benqa_10th-Math-II_0139,benqa,math-ii,Math-II,10th,mcq,human_reviewed_banglish_v5,minor_edit,A,4,7,1,5,1,0.1429,0.2,frac; onukromtir; pod; tom,"\frac{1}{2},\frac{1}{10},\frac{1}{30}, ..... onukromtir 10 tom pod koto?",4,0,1,0,0.0,0.0,frac,\frac{1}{1010} \frac{1}{1100} \frac{1}{11000} \frac{1}{10010},1,0,1,0,0.0,0.0,frac,\frac{1}{1010},0,0,0,0,0,"\frac{1}{2},\frac{1}{10},\frac{1}{30}, ..... onukromtir 10 tom pod koto? A. \frac{1}{1010} B. \frac{1}{1100} C. \frac{1}{11000}..."
benqa_12th-Biology-II_0325,benqa,biology-ii,Biology-II,12th,mcq,auto_romanized_unverified_v4,unreviewed,A,4,10,3,10,3,0.3,0.3,dhomoni; machher; pakhonay; poribohon; rokt; rui; shreni,rui machher shreni pakhonay rokt poribohon kore nicher kon dhomoni?,5,0,5,0,0.0,0.0,iliyak; mesentarik; pyarail; saboklabhiyan; siliyako,iliyak pyarail siliyako-mesentarik saboklabhiyan,1,0,1,0,0.0,0.0,iliyak,iliyak,0,0,3,3,0,rui machher shreni pakhonay rokt poribohon kore nicher kon dhomoni? A. iliyak B. pyarail C. siliyako-mesentarik D. saboklabhiya...
benqa_12th-Physics-I_0289,benqa,physics-i,Physics-I,12th,mcq,human_reviewed_banglish_v5,minor_edit,D,4,15,5,15,5,0.3333,0.3333,ayoton; churant; circ; gyasoke; gyasotir; sthirochape; tapomatra; tapomatray; tinogun; uttopt,30^{\circ}C tapomatray ekti gyasoke sthirochape uttopt kore ayoton tinogun kora holo. gyasotir ch...,4,0,1,0,0.0,0.0,circ,90^{\circ}C 300^{\circ}C 436^{\circ}C 636^{\circ}C,1,0,1,0,0.0,0.0,circ,636^{\circ}C,1,2,1,0,0,30^{\circ}C tapomatray ekti gyasoke sthirochape uttopt kore ayoton tinogun kora holo. gyasotir churant tapomatra koto? A. 90^{\...
benqa_8th-Math_0190,benqa,math,Math,8th,mcq,human_reviewed_banglish_v5,major_edit,B,4,19,6,16,5,0.3158,0.3125,ayotokar; bistrit; charodike; doirgho; khetrofol; mitar; parker; parkotir; prostho; rasta; rastar,ekti ayotokar parker doirgho 40 mitar ebong prostho 30 mitar. parkotir baire charodike 2.5 mitar...,4,0,1,0,0.0,0.0,borgomitar,325 borgomitar 375 borgomitar 875 borgomitar 1575 borgomitar,1,0,1,0,0.0,0.0,borgomitar,375 borgomitar,2,2,2,0,0,ekti ayotokar parker doirgho 40 mitar ebong prostho 30 mitar. parkotir baire charodike 2.5 mitar bistrit ekti rasta ache. rasta...
benqa_12th-Biology-I_0042,benqa,biology-i,Biology-I,12th,mcq,human_reviewed_banglish_v5,minor_edit,D,4,25,7,22,5,0.28,0.2273,akrant; akriti; anabaena; dwara; fole; hooyar; iii; konti; mot; mul; nosht; osthanik,saikaser prodhan mul nosht hooyar fole- i. osthanik mul srishti hoy ii. Anabaena dwara akrant hoy...,6,3,2,1,0.5,0.5,iii,"i o ii i o iii ii o iii i, ii, o iii",2,1,2,1,0.5,0.5,iii,"i, ii, o iii",2,3,0,0,0,saikaser prodhan mul nosht hooyar fole- i. osthanik mul srishti hoy ii. Anabaena dwara akrant hoy iii. er akriti samudrik proba...
benqa_12th-Biology-I_0218,benqa,biology-i,Biology-I,12th,mcq,auto_romanized_unverified_v4,unreviewed,B,4,4,2,4,2,0.5,0.5,boigganik; gomer,gomer boigganik nam ki?,8,0,8,0,0.0,0.0,aestivum; bambusa; mays; oryza; sativa; triticum; tulda; zea,Oryza sativa Triticum aestivum Zea mays Bambusa tulda,2,0,2,0,0.0,0.0,aestivum; triticum,Triticum aestivum,0,0,3,3,0,"gomer boigganik nam ki? A. Oryza sativa B. Triticum aestivum C. Zea mays D. Bambusa tulda Answer with only A, B, C, or D."
benqa_12th-Math-I_0342,benqa,math-i,Math-I,12th,mcq,auto_romanized_unverified_v4,unreviewed,C,4,7,1,7,1,0.1429,0.1429,bindute; fangshonotir; oksher; ongkit; somantoral; sporshok,f(x) = x^{2} - x fangshonotir kon bindute ongkit sporshok x-oksher somantoral?,16,4,3,1,0.25,0.3333,frac; left,"\left ( \frac{-1}{2}, \frac{-1}{4} \right ) \left ( \frac{-1}{2}, \frac{1}{4} \right ) \left ( \f...",4,1,3,1,0.25,0.3333,frac; left,"\left ( \frac{1}{2}, \frac{-1}{4} \right )",1,0,0,1,0,"f(x) = x^{2} - x fangshonotir kon bindute ongkit sporshok x-oksher somantoral? A. \left ( \frac{-1}{2}, \frac{-1}{4} \right ) B..."
benqa_12th-Biology-II_0122,benqa,biology-ii,Biology-II,12th,mcq,human_reviewed_banglish_v5,minor_edit,A,4,6,1,6,1,0.1667,0.1667,dayastoler; hritopinder; olinder; sekend; somoyokal,hritopinder olinder dayastoler somoyokal koto sekend?,0,0,0,0,0.0,0.0,,0.7 0.5 0.3 0.1,0,0,0,0,0.0,0.0,,0.7,2,1,0,1,0,"hritopinder olinder dayastoler somoyokal koto sekend? A. 0.7 B. 0.5 C. 0.3 D. 0.1 Answer with only A, B, C, or D."
benqa_12th-Biology-II_0119,benqa,biology-ii,Biology-II,12th,mcq,auto_romanized_unverified_v4,unreviewed,C,4,7,3,7,3,0.4286,0.4286,cholon; cholonoke; hydra; jonka,Hydra-r kon dhoroner cholonoke jonka cholon bole?,4,0,4,0,0.0,0.0,glaidin; hanta; luping; somarosonting,glaidin somarosonting luping hanta,1,0,1,0,0.0,0.0,luping,luping,1,0,0,1,0,"Hydra-r kon dhoroner cholonoke jonka cholon bole? A. glaidin B. somarosonting C. luping D. hanta Answer with only A, B, C, or D."
benqa_10th-Math-II_0367,benqa,math-ii,Math-II,10th,mcq,human_reviewed_banglish_v5,minor_edit,C,4,12,5,12,5,0.4167,0.4167,chhokka; ekobar; moulik; nikshep; niropeksh; sombhabona; songkhya,ekti niropeksh chhokka ekobar nikshep kora hole moulik songkhya asar sombhabona koto?,4,0,1,0,0.0,0.0,frac,\frac{1}{6} \frac{1}{3} \frac{1}{2} \frac{2}{3},1,0,1,0,0.0,0.0,frac,\frac{1}{2},1,1,1,1,0,ekti niropeksh chhokka ekobar nikshep kora hole moulik songkhya asar sombhabona koto? A. \frac{1}{6} B. \frac{1}{3} C. \frac{1}...
benqa_12th-Physics-I_0256,benqa,physics-i,Physics-I,12th,mcq,auto_romanized_unverified_v4,unreviewed,C,4,15,6,15,6,0.4,0.4,bostur; chhondit; goti; ontokolon; ontorok; sapekshe; somikoron; somoyer; somponn,somoyer sapekshe ontokolon kore sorol chhondit goti-somponn bostur ontorok somikoron theke ki pao...,4,0,4,0,0.0,0.0,beg; kompangk; poryayokal; tworon,kompangk poryayokal beg tworon,1,0,1,0,0.0,0.0,beg,beg,1,0,1,1,1,somoyer sapekshe ontokolon kore sorol chhondit goti-somponn bostur ontorok somikoron theke ki paoya jay? A. kompangk B. poryayo...
benqa_12th-Physics-I_0253,benqa,physics-i,Physics-I,12th,mcq,human_reviewed_banglish_v5,minor_edit,A,4,26,8,24,8,0.3077,0.3333,bhu; bibhinn; byobohar; gorbhosth; gyas; iii; khonij; konti; mohakorsh; podarth; prakritik; shokti,mohakorsh sutr byobohar kore je somost kaj kora sombhob- i. prakritik gyas uttolon ii. bibhinn kh...,6,3,2,1,0.5,0.5,iii,"i o ii i o iii ii o iii i, ii o iii",1,1,1,1,1.0,1.0,,i o ii,0,0,0,0,0,mohakorsh sutr byobohar kore je somost kaj kora sombhob- i. prakritik gyas uttolon ii. bibhinn khonij podarth uttolon iii. bhu-...
benqa_10th-Chemistry_0191,benqa,chemistry,Chemistry,10th,mcq,human_reviewed_banglish_v5,minor_edit,A,4,25,6,21,6,0.24,0.2857,bikriya; byobohrit; ch; cl; equiv; iii; jougoti; konti; opeksha; plastik; rightarrow; sokriy,CH_{3}-CH_{2}-C \equiv CH + Cl_{2} \rightarrow A A + Cl_{2} \rightarrow B uddipoke A jougoti- i....,6,3,2,1,0.5,0.5,iii,"i o ii ii o iii i o iii i, ii o iii",1,1,1,1,1.0,1.0,,i o ii,0,0,0,0,0,CH_{3}-CH_{2}-C \equiv CH + Cl_{2} \rightarrow A A + Cl_{2} \rightarrow B uddipoke A jougoti- i. songjojon bikriya dey ii. plas...
benqa_12th-Chemistry-I_0174,benqa,chemistry-i,Chemistry-I,12th,mcq,human_reviewed_banglish_v5,minor_edit,A,4,17,5,17,5,0.2941,0.2941,bhinegar; briddhi; byakoteriya; dhbongs; iii; khabarer; khadder; komay; konti; rokt; ruchi; sonchalon,bhinegar- i. khadder byakoteriya dhbongs kora ii. khabarer ruchi briddhi kore iii. rokt sonchalon...,6,3,2,1,0.5,0.5,iii,"i o ii i o iii ii o iii i, ii o iii",1,1,1,1,1.0,1.0,,i o ii,2,0,3,3,2,bhinegar- i. khadder byakoteriya dhbongs kora ii. khabarer ruchi briddhi kore iii. rokt sonchalon komay nicher konti sothik? A....
benqa_10th-Biology_0339,benqa,biology,Biology,10th,mcq,auto_romanized_unverified_v4,unreviewed,D,4,6,3,6,3,0.5,0.5,har; salokosongshleshon; udbhide,nicher kon udbhide salokosongshleshon har beshi?,5,1,5,1,0.2,0.2,gachh; kanthal; kochuripana; peyara,bot gachh kanthal peyara kochuripana,1,0,1,0,0.0,0.0,kochuripana,kochuripana,1,1,3,2,0,"nicher kon udbhide salokosongshleshon har beshi? A. bot gachh B. kanthal C. peyara D. kochuripana Answer with only A, B, C, or D."
benqa_10th-Math-II_0062,benqa,math-ii,Math-II,10th,mcq,human_reviewed_banglish_v5,minor_edit,C,4,10,2,9,2,0.2,0.2222,bindu; dwara; konti; rekhar; somikoron; songjogokari; tinoti,"M(3, 3), N(6, 6) ebong R(12, 3t) tinoti bindu. M o N bindu dwara songjogokari rekhar somikoron ni...",0,0,0,0,0.0,0.0,,x - 3y - 12 = 0 3x - y - 6 = 0 3x - y - 12 = 0 x - 3y + 12 = 0,0,0,0,0,0.0,0.0,,3x - y - 12 = 0,1,1,0,0,0,"M(3, 3), N(6, 6) ebong R(12, 3t) tinoti bindu. M o N bindu dwara songjogokari rekhar somikoron nicher konti? A. x - 3y - 12 = 0..."
benqa_12th-Chemistry-I_0260,benqa,chemistry-i,Chemistry-I,12th,mcq,human_reviewed_banglish_v5,minor_edit,D,4,5,1,5,1,0.2,0.2,bhinegare; bidyoman; pani; shotangsh,bhinegare koto shotangsh pani bidyoman?,0,0,0,0,0.0,0.0,,6% 15% 70% 90%,0,0,0,0,0.0,0.0,,90%,2,1,3,2,1,"bhinegare koto shotangsh pani bidyoman? A. 6% B. 15% C. 70% D. 90% Answer with only A, B, C, or D."
benqa_12th-Biology-I_0077,benqa,biology-i,Biology-I,12th,mcq,auto_romanized_unverified_v4,unreviewed,C,4,8,4,8,4,0.5,0.5,cholote; dhape; kromatidogulo; merumukhi,nicher kon dhape kromatidogulo merumukhi cholote shuru kore?,4,0,4,0,0.0,0.0,anafej; metafej; profej; telofej,profej metafej anafej telofej,1,0,1,0,0.0,0.0,anafej,anafej,2,1,3,2,1,"nicher kon dhape kromatidogulo merumukhi cholote shuru kore? A. profej B. metafej C. anafej D. telofej Answer with only A, B, C..."
benqa_10th-Physics_0084,benqa,physics,Physics,10th,mcq,auto_romanized_unverified_v4,unreviewed,D,4,11,2,10,2,0.1818,0.2,beg; bostur; durotter; obosthan; otikrant; somotborone; somoyer; sthir,sthir obosthan theke somotborone bostur jekono somoyer beg bostur otikrant durotter-,7,0,4,0,0.0,0.0,borger; borgomuler; byostanupatik; somanupatik,somanupatik borger somanupatik borger byostanupatik borgomuler somanupatik,2,0,2,0,0.0,0.0,borgomuler; somanupatik,borgomuler somanupatik,1,0,1,2,0,sthir obosthan theke somotborone bostur jekono somoyer beg bostur otikrant durotter- A. somanupatik B. borger somanupatik C. bo...
benqa_12th-Physics-II_0267,benqa,physics-ii,Physics-II,12th,mcq,human_reviewed_banglish_v5,minor_edit,B,4,17,4,10,4,0.2353,0.4,apekshikotar; frac; iii; konti; sqrt; totto,apekshikotar totto onusare- i. t = \frac{t_{0}}{\sqrt{1 - \frac{v^{2}}{c^{2}}}} ii. L = \frac{L_{...,6,3,2,1,0.5,0.5,iii,"i o ii i o iii ii o iii i, ii o iii",1,0,1,0,0.0,0.0,iii,i o iii,0,0,0,0,0,apekshikotar totto onusare- i. t = \frac{t_{0}}{\sqrt{1 - \frac{v^{2}}{c^{2}}}} ii. L = \frac{L_{0}}{\sqrt{1 - \frac{v^{2}}{c^{...
benqa_12th-Chemistry-II_0354,benqa,chemistry-ii,Chemistry-II,12th,mcq,auto_romanized_unverified_v4,unreviewed,B,4,11,2,11,2,0.1818,0.1818,ayoton; bhorer; bonam; chaper; gyaser; lekhochitroti; nirdisht; sthir; tapomatray,sthir tapomatray nirdisht bhorer gyaser ayoton bonam chaper lekhochitroti kon dhoroner?,4,0,4,0,0.0,0.0,brittakar; odhibrittakar; porabrittakar; soroloroikhik,porabrittakar odhibrittakar brittakar soroloroikhik,1,0,1,0,0.0,0.0,odhibrittakar,odhibrittakar,1,0,3,3,1,sthir tapomatray nirdisht bhorer gyaser ayoton bonam chaper lekhochitroti kon dhoroner? A. porabrittakar B. odhibrittakar C. br...
benqa_10th-Biology_0277,benqa,biology,Biology,10th,mcq,human_reviewed_banglish_v5,minor_edit,C,4,21,5,21,5,0.2381,0.2381,bhairaser; bidyoman; bondhon; bongshogotiy; bostute; dekhote; iii; konti; mojaik; motin; patay; pel,motin tamak patay ek dhoroner mojaik rog dekhote pel. ullikhit roger bhairaser bongshogotiy bostu...,6,3,2,1,0.5,0.5,iii,"i o ii i o iii ii o iii i, ii o iii",2,1,2,1,0.5,0.5,iii,ii o iii,0,0,0,0,0,motin tamak patay ek dhoroner mojaik rog dekhote pel. ullikhit roger bhairaser bongshogotiy bostute bondhon bidyoman- i. A = T...
benqa_10th-Math_0324,benqa,math,Math,10th,mcq,human_reviewed_banglish_v5,minor_edit,A,4,8,3,7,3,0.375,0.4286,konti; omulod; songkhya; sqrt,a = \sqrt{3} ebong b = \sqrt{12} hole nicher konti omulod songkhya?,3,0,2,0,0.0,0.0,ab; frac,a + b ab \frac{a}{b} \frac{b}{a},0,0,0,0,0.0,0.0,,a + b,1,0,2,2,1,a = \sqrt{3} ebong b = \sqrt{12} hole nicher konti omulod songkhya? A. a + b B. ab C. \frac{a}{b} D. \frac{b}{a} Answer with on...
benqa_10th-Chemistry_0388,benqa,chemistry,Chemistry,10th,mcq,human_reviewed_banglish_v5,minor_edit,D,4,7,1,7,1,0.1429,0.1429,binyas; ilekotron; konti; shoktistorer; skyandiyamer; sorboshesh,skyandiyamer sorboshesh shoktistorer sothik ilekotron binyas konti?,0,0,0,0,0.0,0.0,,3s^{2}3p^{6}3d^{5}4s^{1} 3s^{2}3p^{6}3d^{3}4s^{2} 3s^{2}3p^{6}3d^{2}4s^{2} 3s^{2}3p^{6}3d^{1}4s^{2},0,0,0,0,0.0,0.0,,3s^{2}3p^{6}3d^{1}4s^{2},1,1,1,0,0,skyandiyamer sorboshesh shoktistorer sothik ilekotron binyas konti? A. 3s^{2}3p^{6}3d^{5}4s^{1} B. 3s^{2}3p^{6}3d^{3}4s^{2} C....
benqa_12th-Physics-II_0292,benqa,physics-ii,Physics-II,12th,mcq,auto_romanized_unverified_v4,unreviewed,C,4,4,0,4,0,0.0,0.0,bistriti; bornalir; drishyoman; toronggodoirghyer,drishyoman bornalir toronggodoirghyer bistriti-,16,4,3,1,0.25,0.3333,aa; poryont,2000 \AA theke 3000 \AA poryont 3000 \AA theke 4000 \AA poryont 4000 \AA theke 8000 \AA poryont 8...,4,1,3,1,0.25,0.3333,aa; poryont,4000 \AA theke 8000 \AA poryont,1,2,2,1,0,drishyoman bornalir toronggodoirghyer bistriti- A. 2000 \AA theke 3000 \AA poryont B. 3000 \AA theke 4000 \AA poryont C. 4000 \...
benqa_12th-Chemistry-II_0294,benqa,chemistry-ii,Chemistry-II,12th,mcq,human_reviewed_banglish_v5,minor_edit,C,4,19,9,15,6,0.4737,0.4,benojiner; bondhon; dwi; iii; karbon; konti; odhikromone; orobitaroler; srishti,benojiner karbon-karbon dwi-bondhon kon orobitaroler odhikromone srishti hoy? i. sp^{2} - sp^{2}...,4,2,2,1,0.5,0.5,iii,i iii i o ii ii o iii,1,1,1,1,1.0,1.0,,i o ii,1,2,0,0,0,benojiner karbon-karbon dwi-bondhon kon orobitaroler odhikromone srishti hoy? i. sp^{2} - sp^{2} ii. p - p iii. sp^{2} - sp^{3}...
benqa_8th-Science_0014,benqa,science,Science,8th,mcq,human_reviewed_banglish_v5,minor_edit,D,4,15,4,15,4,0.2667,0.2667,animiya; durbol; iii; jaoya; khaoyay; konti; laga; lokshon; ojon; oniha; roger,animiya roger lokshon- i. ojon kome jaoya ii. khaoyay oniha iii. durbol laga nicher konti sothik?,6,3,2,1,0.5,0.5,iii,"i o ii i o iii ii o iii i, ii o iii",2,1,2,1,0.5,0.5,iii,"i, ii o iii",3,3,0,0,0,animiya roger lokshon- i. ojon kome jaoya ii. khaoyay oniha iii. durbol laga nicher konti sothik? A. i o ii B. i o iii C. ii o...
benqa_12th-Math-I_0120,benqa,math-i,Math-I,12th,mcq,human_reviewed_banglish_v5,minor_edit,D,4,7,1,7,1,0.1429,0.1429,bindugami; konti; oksher; somantoral; somikoron; sorolorekhar,"(3, -4) bindugami ebong x-oksher somantoral sorolorekhar somikoron konti?",0,0,0,0,0.0,0.0,,y - 3 = 0 y + 3 = 0 y - 4 = 0 y + 4 = 1,0,0,0,0,0.0,0.0,,y + 4 = 1,1,1,0,0,0,"(3, -4) bindugami ebong x-oksher somantoral sorolorekhar somikoron konti? A. y - 3 = 0 B. y + 3 = 0 C. y - 4 = 0 D. y + 4 = 1 A..."
benqa_12th-Biology-I_0160,benqa,biology-i,Biology-I,12th,mcq,auto_romanized_unverified_v4,unreviewed,B,4,15,5,12,5,0.3333,0.4167,dhape; merojoyet; podarthoti; rightarrow; saijont; sigonet; trofojoyet,trofojoyet \rightarrow sigonet ring \rightarrow A \rightarrow saijont \rightarrow merojoyet A dha...,4,0,4,0,0.0,0.0,himojoyen; himolaisin; laisolesithin; pairojen,himolaisin himojoyen laisolesithin pairojen,1,0,1,0,0.0,0.0,himojoyen,himojoyen,2,2,3,1,1,trofojoyet \rightarrow sigonet ring \rightarrow A \rightarrow saijont \rightarrow merojoyet A dhape nicher kon podarthoti toiri...
benqa_8th-Science_0153,benqa,science,Science,8th,mcq,human_reviewed_banglish_v5,minor_edit,C,4,5,0,5,0,0.0,0.0,esiditi; konti; niramoye; pakostholir; upojogi,pakostholir esiditi niramoye konti upojogi?,7,0,6,0,0.0,0.0,amoniyam; esid; esitik; haidroksaid; kyalosiyam; ojoluminiyam,kyalosiyam esitik esid ojoluminiyam haidroksaid amoniyam haidroksaid,2,0,2,0,0.0,0.0,haidroksaid; ojoluminiyam,ojoluminiyam haidroksaid,3,1,3,2,2,pakostholir esiditi niramoye konti upojogi? A. kyalosiyam B. esitik esid C. ojoluminiyam haidroksaid D. amoniyam haidroksaid An...
benqa_12th-Physics-I_0109,benqa,physics-i,Physics-I,12th,mcq,auto_romanized_unverified_v4,unreviewed,C,4,4,3,4,3,0.75,0.75,torker,torker opor nam ki?,8,3,6,1,0.375,0.1667,bhramok; ghorshon; ghurnon; jorotar; kendromukhi,ghorshon bol jorotar bhramok ghurnon bol kendromukhi bol,2,1,2,1,0.5,0.5,ghurnon,ghurnon bol,2,1,3,2,1,"torker opor nam ki? A. ghorshon bol B. jorotar bhramok C. ghurnon bol D. kendromukhi bol Answer with only A, B, C, or D."
benqa_12th-Biology-I_0181,benqa,biology-i,Biology-I,12th,mcq,auto_romanized_unverified_v4,unreviewed,C,4,9,2,9,2,0.2222,0.2222,jaigoter; jibanur; jonone; joun; lombakritir; myaleriya; sochol,myaleriya jibanur joun jonone sochol o lombakritir jaigoter nam ki?,4,0,4,0,0.0,0.0,jaigot; sporojoyet; uokinet; uosist,sporojoyet uosist uokinet jaigot,1,0,1,0,0.0,0.0,uokinet,uokinet,1,0,0,1,0,myaleriya jibanur joun jonone sochol o lombakritir jaigoter nam ki? A. sporojoyet B. uosist C. uokinet D. jaigot Answer with on...
benqa_12th-Biology-I_0222,benqa,biology-i,Biology-I,12th,mcq,human_reviewed_banglish_v5,minor_edit,A,4,5,2,5,2,0.4,0.4,konti; mati; udbhid,udbhid konti mati hote ney?,4,0,4,0,0.0,0.0,haidrojen; karbon; naitrojen; oksijen,naitrojen haidrojen oksijen karbon,1,0,1,0,0.0,0.0,naitrojen,naitrojen,2,0,2,2,2,"udbhid konti mati hote ney? A. naitrojen B. haidrojen C. oksijen D. karbon Answer with only A, B, C, or D."
benqa_8th-Math_0167,benqa,math,Math,8th,mcq,human_reviewed_banglish_v5,major_edit,C,4,13,4,12,4,0.3077,0.3333,ayotokar; baganer; dergun; doirgho; mitar; porisima; prosther; prostho,"ekti ayotokar baganer doirgho prosther dergun. er prostho 16 mitar hole, baganer porisima koto?",4,0,1,0,0.0,0.0,mitar,40 mitar 64 mitar 80 mitar 96 mitar,1,0,1,0,0.0,0.0,mitar,80 mitar,1,0,3,3,1,"ekti ayotokar baganer doirgho prosther dergun. er prostho 16 mitar hole, baganer porisima koto? A. 40 mitar B. 64 mitar C. 80 m..."
benqa_12th-Math-I_0218,benqa,math-i,Math-I,12th,mcq,human_reviewed_banglish_v5,minor_edit,A,4,8,5,8,5,0.625,0.625,abc; konti; tribhuj,jekono tribhuj ABC er khetre nicher konti sothik?,10,0,9,0,0.0,0.0,abcosc; acosb; asinc; bc; bcosa; cosa; csina; delta; frac,c = acosB + bcosA b = csinA + asinC \Delta = \frac{1}{2} abcosC cosA = \frac{b^{2} + c^{2} + a^{2...,2,0,2,0,0.0,0.0,acosb; bcosa,c = acosB + bcosA,2,2,2,1,1,jekono tribhuj ABC er khetre nicher konti sothik? A. c = acosB + bcosA B. b = csinA + asinC C. \Delta = \frac{1}{2} abcosC D. c...
benqa_12th-Math-I_0088,benqa,math-i,Math-I,12th,mcq,auto_romanized_unverified_v4,unreviewed,C,4,6,3,5,2,0.5,0.4,ax; ontoroj; sapekshe,x-er sapekshe ln ax er ontoroj-,5,0,2,0,0.0,0.0,ax; frac,\frac{a}{x} \frac{x}{a} \frac{1}{x} \frac{1}{ax},1,0,1,0,0.0,0.0,frac,\frac{1}{x},0,0,1,1,0,"x-er sapekshe ln ax er ontoroj- A. \frac{a}{x} B. \frac{x}{a} C. \frac{1}{x} D. \frac{1}{ax} Answer with only A, B, C, or D."
benqa_12th-Math-II_0043,benqa,math-ii,Math-II,12th,mcq,auto_romanized_unverified_v4,unreviewed,D,4,5,2,5,2,0.4,0.4,nirdesh; somikoronoti; xy,9x^{2} - 24xy + 12y^{2} - 48x - 24y + 36 = 0 somikoronoti ki nirdesh kore?,4,0,4,0,0.0,0.0,britt; odhibritt; porabritt; upobritt,britt porabritt upobritt odhibritt,1,0,1,0,0.0,0.0,odhibritt,odhibritt,1,1,2,1,0,9x^{2} - 24xy + 12y^{2} - 48x - 24y + 36 = 0 somikoronoti ki nirdesh kore? A. britt B. porabritt C. upobritt D. odhibritt Answe...
benqa_12th-Chemistry-I_0227,benqa,chemistry-i,Chemistry-I,12th,mcq,human_reviewed_banglish_v5,minor_edit,D,4,6,4,6,4,0.6667,0.6667,braket; sirijer,braket sirijer khetre n_{2} er man koto?,0,0,0,0,0.0,0.0,,2 3 4 5,0,0,0,0,0.0,0.0,,5,0,1,1,0,0,"braket sirijer khetre n_{2} er man koto? A. 2 B. 3 C. 4 D. 5 Answer with only A, B, C, or D."
benqa_12th-Physics-II_0085,benqa,physics-ii,Physics-II,12th,mcq,human_reviewed_banglish_v5,minor_edit,D,4,15,5,15,5,0.3333,0.3333,beg; bhor; fotoner; iii; konti; shokti; shuny; sthir; times; upsilon,fotoner khetre- i. sthir bhor shuny ii. shokti h\upsilon iii. beg 3 \times 10^{8} ms^{-1} nicher...,6,3,2,1,0.5,0.5,iii,"i o ii i o iii ii o iii i, ii o iii",2,1,2,1,0.5,0.5,iii,"i, ii o iii",2,2,2,1,0,fotoner khetre- i. sthir bhor shuny ii. shokti h\upsilon iii. beg 3 \times 10^{8} ms^{-1} nicher konti sothik? A. i o ii B. i o...
benqa_10th-Biology_0197,benqa,biology,Biology,10th,mcq,human_reviewed_banglish_v5,minor_edit,D,4,7,2,7,2,0.2857,0.2857,joibik; konti; kosher; kriya; niyontron,kosher sokol joibik kriya niyontron kore konti?,4,0,4,0,0.0,0.0,laisojom; maitokondriya; niukloyas; raibojom,niukloyas raibojom laisojom maitokondriya,1,0,1,0,0.0,0.0,maitokondriya,maitokondriya,1,1,0,1,0,"kosher sokol joibik kriya niyontron kore konti? A. niukloyas B. raibojom C. laisojom D. maitokondriya Answer with only A, B, C,..."
benqa_12th-Physics-II_0037,benqa,physics-ii,Physics-II,12th,mcq,human_reviewed_banglish_v5,minor_edit,B,4,4,1,4,1,0.25,0.25,ekok; enotropir; konti,enotropir ekok nicher konti?,6,0,5,0,0.0,0.0,ekokohin; jk; mol; nk; rashi,NK^{-1} JK^{-1} JK^{-1} mol^{-1} ekokohin rashi,1,0,1,0,0.0,0.0,jk,JK^{-1},0,1,1,1,0,"enotropir ekok nicher konti? A. NK^{-1} B. JK^{-1} C. JK^{-1} mol^{-1} D. ekokohin rashi Answer with only A, B, C, or D."
benqa_12th-Math-II_0230,benqa,math-ii,Math-II,12th,mcq,human_reviewed_banglish_v5,minor_edit,D,4,33,11,21,7,0.3333,0.3333,bc; bindute; bolodboy; durotbe; ekok; frac; iii; konti; kriyarot; lobdhi; lobdhir; osodrish,5 ekok durotbe A o B bindute kriyarot 9 ebong 5 ekok maner somantoral bolodboy- i. osodrish hole...,6,3,2,1,0.5,0.5,iii,"i o ii i o iii ii o iii i, ii o iii",2,1,2,1,0.5,0.5,iii,"i, ii o iii",2,3,0,0,0,5 ekok durotbe A o B bindute kriyarot 9 ebong 5 ekok maner somantoral bolodboy- i. osodrish hole lobdhir man 4 ekok ii. sodrish...
benqa_12th-Physics-I_0214,benqa,physics-i,Physics-I,12th,mcq,auto_romanized_unverified_v4,unreviewed,B,4,13,4,13,4,0.3077,0.3077,ayotone; churant; circ; dwigun; gyaser; korole; sthir; tapomatra; tapomatray,sthir ayotone 0^{\circ}C tapomatray kono gyaser chap dwigun korole er churant tapomatra hobe-,4,0,1,0,0.0,0.0,circ,27^{\circ}C 273^{\circ}C 300^{\circ}C 546^{\circ}C,1,0,1,0,0.0,0.0,circ,273^{\circ}C,0,2,0,0,0,sthir ayotone 0^{\circ}C tapomatray kono gyaser chap dwigun korole er churant tapomatra hobe- A. 27^{\circ}C B. 273^{\circ}C C....
benqa_10th-Physics_0198,benqa,physics,Physics,10th,mcq,auto_romanized_unverified_v4,unreviewed,D,4,5,2,5,2,0.4,0.4,bhektor; rashi; rashigulo,nicher kon rashigulo bhektor rashi?,13,1,9,1,0.0769,0.1111,beg; bhorobeg; bibhob; druti; ojon; soron; torit; tworon,"druti, kaj o beg torit bibhob, soron o tworon druti, soron o beg bhorobeg, soron o ojon",3,0,3,0,0.0,0.0,bhorobeg; ojon; soron,"bhorobeg, soron o ojon",1,0,2,2,1,"nicher kon rashigulo bhektor rashi? A. druti, kaj o beg B. torit bibhob, soron o tworon C. druti, soron o beg D. bhorobeg, soro..."
benqa_12th-Biology-II_0049,benqa,biology-ii,Biology-II,12th,mcq,auto_romanized_unverified_v4,unreviewed,C,4,5,1,5,1,0.2,0.2,midiya; ongger; otitis; rog,otitis midiya' kon ongger rog?,4,3,4,3,0.75,0.75,nak,chokh nak kan gola,1,1,1,1,1.0,1.0,,kan,2,0,0,2,0,"otitis midiya' kon ongger rog? A. chokh B. nak C. kan D. gola Answer with only A, B, C, or D."
benqa_10th-Chemistry_0280,benqa,chemistry,Chemistry,10th,mcq,human_reviewed_banglish_v5,minor_edit,A,4,4,1,4,1,0.25,0.25,byobohrit; dhatu; konti,konti prothom byobohrit dhatu?,4,0,4,0,0.0,0.0,ag; au; cu; sn,Au Ag Sn Cu,1,0,1,0,0.0,0.0,au,Au,0,0,0,0,0,"konti prothom byobohrit dhatu? A. Au B. Ag C. Sn D. Cu Answer with only A, B, C, or D."
benqa_12th-Biology-II_0128,benqa,biology-ii,Biology-II,12th,mcq,human_reviewed_banglish_v5,minor_edit,B,4,14,5,14,5,0.3571,0.3571,iii; konti; medula; mostishker; obolonggata; ongshe; ponos; serebelam; shbasokendr,shbasokendr mostishker je ongshe thake- i. ponos ii. serebelam iii. medula obolonggata nicher kon...,6,3,2,1,0.5,0.5,iii,"i o ii i o iii ii o iii i, ii, o iii",1,0,1,0,0.0,0.0,iii,i o iii,0,2,2,0,0,shbasokendr mostishker je ongshe thake- i. ponos ii. serebelam iii. medula obolonggata nicher konti sothik? A. i o ii B. i o ii...
benqa_8th-Math_0031,benqa,math,Math,8th,mcq,human_reviewed_banglish_v5,minor_edit,D,4,9,3,9,3,0.3333,0.3333,byas; chakar; chakatir; garir; mitar; poridhi,"ekti garir chakar poridhi 5.15 mitar hole, chakatir byas koto?",4,0,1,0,0.0,0.0,mitar,0.82 mitar 0.96 mitar 1.28 mitar 1.64 mitar,1,0,1,0,0.0,0.0,mitar,1.64 mitar,1,1,3,2,0,"ekti garir chakar poridhi 5.15 mitar hole, chakatir byas koto? A. 0.82 mitar B. 0.96 mitar C. 1.28 mitar D. 1.64 mitar Answer w..."
benqa_12th-Chemistry-I_0328,benqa,chemistry-i,Chemistry-I,12th,mcq,auto_romanized_unverified_v4,unreviewed,B,4,4,1,4,1,0.25,0.25,bloker; cl; moul,Cl(17) kon bloker moul?,4,4,1,1,1.0,1.0,,s-blok p-blok d-blok f-blok,1,1,1,1,1.0,1.0,,p-blok,3,1,2,2,1,"Cl(17) kon bloker moul? A. s-blok B. p-blok C. d-blok D. f-blok Answer with only A, B, C, or D."
benqa_12th-Physics-II_0046,benqa,physics-ii,Physics-II,12th,mcq,human_reviewed_banglish_v5,minor_edit,C,4,17,7,17,7,0.4118,0.4118,enotropir; iii; konti; poriborton; poribortoner; ruddhotapiy; shuny; songghotit; sthir; tapomatra,ruddhotapiy poribortoner khetre- i. hothat songghotit hoy ii. tapomatra sthir thake iii. enotropi...,6,3,2,1,0.5,0.5,iii,"i o ii ii o iii i o iii i, ii o iii",1,0,1,0,0.0,0.0,iii,i o iii,1,0,2,2,1,ruddhotapiy poribortoner khetre- i. hothat songghotit hoy ii. tapomatra sthir thake iii. enotropir poriborton shuny nicher kont...
benqa_12th-Math-I_0186,benqa,math-i,Math-I,12th,mcq,human_reviewed_banglish_v5,minor_edit,A,4,10,2,10,2,0.2,0.2,bindute; britter; erup; kendr; konti; okshoke; somikoron; sporsh,"(-2, 3) bindute kendr ebong y-okshoke sporsh kore erup britter somikoron konti?",0,0,0,0,0.0,0.0,,x^{2} + y^{2} + 4x - 6y + 9 = 0 x^{2} + y^{2} - 4x + 6y + 9 = 0 x^{2} + y^{2} + 4x - 6y + 4 = 0 x...,0,0,0,0,0.0,0.0,,x^{2} + y^{2} + 4x - 6y + 9 = 0,0,1,1,0,0,"(-2, 3) bindute kendr ebong y-okshoke sporsh kore erup britter somikoron konti? A. x^{2} + y^{2} + 4x - 6y + 9 = 0 B. x^{2} + y..."
benqa_8th-Science_0127,benqa,science,Science,8th,mcq,human_reviewed_banglish_v5,minor_edit,B,4,6,3,6,3,0.5,0.5,groher; sobocheye; upogroh,kon groher sobocheye beshi upogroh ache?,4,0,4,0,0.0,0.0,brihospoti; iurenas; nepochun; shoni,shoni brihospoti iurenas nepochun,1,0,1,0,0.0,0.0,brihospoti,brihospoti,1,1,2,1,1,"kon groher sobocheye beshi upogroh ache? A. shoni B. brihospoti C. iurenas D. nepochun Answer with only A, B, C, or D."
benqa_8th-Math_0085,benqa,math,Math,8th,mcq,human_reviewed_banglish_v5,minor_edit,C,4,6,1,6,1,0.1667,0.1667,borger; jogfol; konakuni; kromer; myajik,4 kromer myajik borger konakuni jogfol koto?,0,0,0,0,0.0,0.0,,15 16 34 65,0,0,0,0,0.0,0.0,,34,1,0,3,3,1,"4 kromer myajik borger konakuni jogfol koto? A. 15 B. 16 C. 34 D. 65 Answer with only A, B, C, or D."
benqa_12th-Math-I_0310,benqa,math-i,Math-I,12th,mcq,human_reviewed_banglish_v5,minor_edit,B,4,6,3,6,3,0.5,0.5,dx; frac; konti,\frac{d}{dx}(log_{10}x) er man konti?,6,3,2,1,0.5,0.5,frac,\frac{1}{x} \frac{1}{x}log_{10}e \frac{1}{x}log_{e}10 log_{10}e,2,1,2,1,0.5,0.5,frac,\frac{1}{x}log_{10}e,3,3,3,0,0,\frac{d}{dx}(log_{10}x) er man konti? A. \frac{1}{x} B. \frac{1}{x}log_{10}e C. \frac{1}{x}log_{e}10 D. log_{10}e Answer with o...
benqa_8th-Science_0062,benqa,science,Science,8th,mcq,auto_romanized_unverified_v4,unreviewed,D,4,9,4,9,4,0.4444,0.4444,karokhana; konotike; mutr; obhihit; toiriri,nicher konotike mutr toiriri karokhana hisebe obhihit kora jay?,4,0,4,0,0.0,0.0,britt; fusofus; jokrit; twok,fusofus twok jokrit britt,1,0,1,0,0.0,0.0,britt,britt,1,1,3,2,0,"nicher konotike mutr toiriri karokhana hisebe obhihit kora jay? A. fusofus B. twok C. jokrit D. britt Answer with only A, B, C,..."
benqa_8th-Science_0098,benqa,science,Science,8th,mcq,human_reviewed_banglish_v5,minor_edit,A,4,26,9,23,7,0.3462,0.3043,ampiyar; basar; bedorume; bedorumer; bortonir; byobohar; duti; dwitiy; fiuj; fyan; ishar; karyokori,ishar basar bedorume duti tiubolait o ekti fyan pyaralale songjukt kora hoy. bedorumer bortonir s...,4,0,1,0,0.0,0.0,ampiyar,5 ampiyar 10 ampiyar 15 ampiyar 30 ampiyar,1,0,1,0,0.0,0.0,ampiyar,5 ampiyar,0,1,0,0,0,ishar basar bedorume duti tiubolait o ekti fyan pyaralale songjukt kora hoy. bedorumer bortonir sathe 10 ampiyar maner fiuj byo...
benqa_12th-Physics-I_0008,benqa,physics-i,Physics-I,12th,mcq,auto_romanized_unverified_v4,unreviewed,D,4,12,4,11,4,0.3333,0.3636,bhektor; circ; duti; lobdhir; modhyoborti; rashir; vec,\vec{P} o \vec{Q} duti bhektor rashir modhyoborti kon 120^{\circ} hole tader lobdhir man-,4,0,2,0,0.0,0.0,pq; sqrt,P + Q \sqrt{P^{2}+Q^{2}+PQ} P - Q \sqrt{P^{2}+Q^{2}-PQ},2,0,2,0,0.0,0.0,pq; sqrt,\sqrt{P^{2}+Q^{2}-PQ},2,2,2,0,0,\vec{P} o \vec{Q} duti bhektor rashir modhyoborti kon 120^{\circ} hole tader lobdhir man- A. P + Q B. \sqrt{P^{2}+Q^{2}+PQ} C....
benqa_12th-Physics-I_0106,benqa,physics-i,Physics-I,12th,mcq,human_reviewed_banglish_v5,minor_edit,D,4,5,1,5,1,0.2,0.2,doshar; konti; shuny; somotuly,nicher konti shuny doshar somotuly?,4,4,1,1,1.0,1.0,,\pi/2 \pi 3\pi/2 2\pi,1,1,1,1,1.0,1.0,,2\pi,1,2,3,1,0,"nicher konti shuny doshar somotuly? A. \pi/2 B. \pi C. 3\pi/2 D. 2\pi Answer with only A, B, C, or D."
benqa_12th-Physics-II_0219,benqa,physics-ii,Physics-II,12th,mcq,auto_romanized_unverified_v4,unreviewed,D,4,7,1,7,1,0.1429,0.1429,dayod; kototi; purn; rekotifayarer; sorbochch; torongg,purn torongg rekotifayarer sorbochch kototi dayod proyojon?,0,0,0,0,0.0,0.0,,1 2 3 4,0,0,0,0,0.0,0.0,,4,1,1,1,0,0,"purn torongg rekotifayarer sorbochch kototi dayod proyojon? A. 1 B. 2 C. 3 D. 4 Answer with only A, B, C, or D."
benqa_10th-Biology_0143,benqa,biology,Biology,10th,mcq,auto_romanized_unverified_v4,unreviewed,C,4,7,4,7,4,0.5714,0.5714,akosmik; kidoni; okejo,akosmik kidoni okejo hote pare kon karone?,6,0,6,0,0.0,0.0,dayabetis; dayoriya; maratmok; nefraitis; roktochap; uchch,dayabetis nefraitis maratmok dayoriya uchch roktochap,2,0,2,0,0.0,0.0,dayoriya; maratmok,maratmok dayoriya,1,2,0,0,0,akosmik kidoni okejo hote pare kon karone? A. dayabetis B. nefraitis C. maratmok dayoriya D. uchch roktochap Answer with only A...
benqa_12th-Chemistry-II_0067,benqa,chemistry-ii,Chemistry-II,12th,mcq,human_reviewed_banglish_v5,minor_edit,C,4,16,5,16,5,0.3125,0.3125,adogedror; ayoton; iii; konti; mole; obosthay; onu; orth; proman; soman; songkhyar,32g O_{2} er orth holo- i. 1 mole O_{2} ii. proman obosthay 24.8L ayoton iii. adogedror songkhyar...,4,2,2,1,0.5,0.5,iii,"i i o ii i o iii i, ii o iii",1,0,1,0,0.0,0.0,iii,i o iii,1,0,1,1,1,32g O_{2} er orth holo- i. 1 mole O_{2} ii. proman obosthay 24.8L ayoton iii. adogedror songkhyar soman onu nicher konti sothik...
benqa_12th-Chemistry-I_0037,benqa,chemistry-i,Chemistry-I,12th,mcq,human_reviewed_banglish_v5,minor_edit,C,4,24,9,23,8,0.375,0.3478,akar; ayonikoron; bibhob; briddhi; dhatob; dhatur; golonangk; hras; iii; ilekotron; kelase; konti,"dhatur golonangk briddhi pay, jokhon- i. dhatob kelase mukt ilekotron beshi thake ii. ayonikoron...",6,3,2,1,0.5,0.5,iii,"i o ii ii o iii i o iii i, ii o iii",1,0,1,0,0.0,0.0,iii,i o iii,2,0,2,3,1,"dhatur golonangk briddhi pay, jokhon- i. dhatob kelase mukt ilekotron beshi thake ii. ayonikoron bibhob hras pay iii. poromanur..."
benqa_10th-Math-II_0347,benqa,math-ii,Math-II,10th,mcq,human_reviewed_banglish_v5,minor_edit,D,4,8,5,8,5,0.625,0.625,cos; frac; left,cos\left ( - \frac{35\pi}{6} \right ) er man koto?,6,0,2,0,0.0,0.0,frac; sqrt,- \frac{\sqrt{3}}{2} - \frac{1}{2} \frac{1}{2} \frac{\sqrt{3}}{2},2,0,2,0,0.0,0.0,frac; sqrt,\frac{\sqrt{3}}{2},1,1,1,0,0,cos\left ( - \frac{35\pi}{6} \right ) er man koto? A. - \frac{\sqrt{3}}{2} B. - \frac{1}{2} C. \frac{1}{2} D. \frac{\sqrt{3}}{2...
benqa_12th-Math-II_0214,benqa,math-ii,Math-II,12th,mcq,auto_romanized_unverified_v4,unreviewed,C,4,7,2,5,2,0.2857,0.4,frac; sqrt; tan,tan^{-1}\ \frac{1}{\sqrt{3}} + tan^{-1}x = \frac{\pi}{2} hole x = ?,6,0,2,0,0.0,0.0,frac; sqrt,\frac{1}{\sqrt{3}} - \frac{1}{\sqrt{3}} \sqrt{3} - \sqrt{3},1,0,1,0,0.0,0.0,sqrt,\sqrt{3},2,2,1,0,0,tan^{-1}\ \frac{1}{\sqrt{3}} + tan^{-1}x = \frac{\pi}{2} hole x = ? A. \frac{1}{\sqrt{3}} B. - \frac{1}{\sqrt{3}} C. \sqrt{3} D...
benqa_10th-Biology_0215,benqa,biology,Biology,10th,mcq,human_reviewed_banglish_v5,minor_edit,B,4,24,7,24,7,0.2917,0.2917,atp; dhap; enojaim; ghote; iii; konti; kosher; maitokondriyay; nit; obat; onu; prokriyati,C_{6}H_{12}O_{6}\xarrowright{enojaim}C_{3}H_{4}O_{3} uddipoker prokriyati- i. sobat o obat shboso...,6,3,2,1,0.5,0.5,iii,"i o ii i o iii ii o iii i, ii o iii",1,0,1,0,0.0,0.0,iii,i o iii,0,0,2,2,0,C_{6}H_{12}O_{6}\xarrowright{enojaim}C_{3}H_{4}O_{3} uddipoker prokriyati- i. sobat o obat shbosoner prothom dhap ii. kosher ma...
benqa_10th-Chemistry_0336,benqa,chemistry,Chemistry,10th,mcq,human_reviewed_banglish_v5,minor_edit,D,4,22,7,21,7,0.3182,0.3333,bayu; bhari; caco; cao; delta; drobon; gyasoti; iii; konti; nacl; omlodhormi; opeksha,A \rightarrow CaCO_{3}(s) \xrightarrow{\Delta} CaO(s) + X(g) B \rightarrow 250 mL 0.2 molar NaCl...,6,3,2,1,0.5,0.5,iii,"i o ii i o iii ii o iii i, ii o iii",2,1,2,1,0.5,0.5,iii,"i, ii o iii",2,2,1,0,0,A \rightarrow CaCO_{3}(s) \xrightarrow{\Delta} CaO(s) + X(g) B \rightarrow 250 mL 0.2 molar NaCl drobon A-er 'X' gyasoti- i. CO...
benqa_10th-Chemistry_0041,benqa,chemistry,Chemistry,10th,mcq,human_reviewed_banglish_v5,minor_edit,D,4,4,3,4,3,0.75,0.75,tothyoti,nicher kon tothyoti sothik?,16,5,16,5,0.3125,0.3125,bikriya; ch; haidrokarbon; ithanol; ksharoker; odhik; opeksha; polipropinoke; ri; saikel; sokriy,C_{2}H_{4} opeksha C_{2}H{6} odhik sokriy CH_{4} ksharoker sathe bikriya kore ithanol ekti haidro...,5,2,5,2,0.4,0.4,polipropinoke; ri; saikel,polipropinoke ri-saikel kora jay,0,1,3,2,0,nicher kon tothyoti sothik? A. C_{2}H_{4} opeksha C_{2}H{6} odhik sokriy B. CH_{4} ksharoker sathe bikriya kore C. ithanol ekti...
benqa_10th-Physics_0021,benqa,physics,Physics,10th,mcq,human_reviewed_banglish_v5,minor_edit,C,4,3,0,3,0,0.0,0.0,ekok; konti; moulik,konti moulik ekok?,4,0,4,0,0.0,0.0,jul; kyandela; niuton; pyasokel,jul niuton kyandela pyasokel,1,0,1,0,0.0,0.0,kyandela,kyandela,3,0,3,3,3,"konti moulik ekok? A. jul B. niuton C. kyandela D. pyasokel Answer with only A, B, C, or D."
benqa_10th-Math_0032,benqa,math,Math,10th,mcq,human_reviewed_banglish_v5,minor_edit,B,4,5,4,5,4,0.8,0.8,sqrt,(\sqrt{3})^{x+2} = 27 hole x er man koto?,0,0,0,0,0.0,0.0,,6 4 3 2,0,0,0,0,0.0,0.0,,4,2,1,1,1,1,"(\sqrt{3})^{x+2} = 27 hole x er man koto? A. 6 B. 4 C. 3 D. 2 Answer with only A, B, C, or D."
benqa_12th-Math-I_0326,benqa,math-i,Math-I,12th,mcq,auto_romanized_unverified_v4,unreviewed,B,4,8,1,6,1,0.125,0.1667,alpha; cos; frac; sin; tan,tan\frac{\alpha}{2} = 7 hole 4sin\alpha - 3cos\alpha = ?,0,0,0,0,0.0,0.0,,5 4 3 6,0,0,0,0,0.0,0.0,,4,0,0,0,0,0,"tan\frac{\alpha}{2} = 7 hole 4sin\alpha - 3cos\alpha = ? A. 5 B. 4 C. 3 D. 6 Answer with only A, B, C, or D."
benqa_12th-Biology-I_0283,benqa,biology-i,Biology-I,12th,mcq,human_reviewed_banglish_v5,minor_edit,A,4,27,10,26,10,0.3704,0.3846,akar; bheja; botay; dag; foler; hras; iii; konti; lokshon; mishtota; pani; patar,penper ring spot roger lokshon holo- i. patar botay pani bheja sobuj dag dekha jay ii. penper mis...,6,3,2,1,0.5,0.5,iii,"i o ii ii o iii i o iii i, ii, o iii",1,1,1,1,1.0,1.0,,i o ii,2,0,3,3,2,penper ring spot roger lokshon holo- i. patar botay pani bheja sobuj dag dekha jay ii. penper mishtota hras pay iii. foler akar...
benqa_10th-Physics_0055,benqa,physics,Physics,10th,mcq,human_reviewed_banglish_v5,minor_edit,D,4,9,5,9,5,0.5556,0.5556,badha; katar; otikrom; santar,panite santar katar somoy kon badha otikrom korte hoy?,8,0,5,0,0.0,0.0,abort; ghorshon; goti; probahi; sthiti,sthiti ghorshon goti ghorshon abort ghorshon probahi ghorshon,2,0,2,0,0.0,0.0,ghorshon; probahi,probahi ghorshon,2,2,3,1,0,panite santar katar somoy kon badha otikrom korte hoy? A. sthiti ghorshon B. goti ghorshon C. abort ghorshon D. probahi ghorsho...
benqa_12th-Chemistry-I_0028,benqa,chemistry-i,Chemistry-I,12th,mcq,human_reviewed_banglish_v5,minor_edit,B,4,4,2,4,2,0.5,0.5,droboner; naoh,1% NaOH droboner pH koto?,0,0,0,0,0.0,0.0,,0.8 13.4 13.2 1,0,0,0,0,0.0,0.0,,13.4,2,1,2,1,1,"1% NaOH droboner pH koto? A. 0.8 B. 13.4 C. 13.2 D. 1 Answer with only A, B, C, or D."
benqa_10th-Chemistry_0374,benqa,chemistry,Chemistry,10th,mcq,auto_romanized_unverified_v4,unreviewed,B,4,5,2,5,2,0.4,0.4,glaikol; ithilin; joug,ithilin glaikol kon dhoroner joug?,4,0,4,0,0.0,0.0,alodihaid; alokain; alokin; alokohol,alodihaid alokohol alokin alokain,1,0,1,0,0.0,0.0,alokohol,alokohol,2,2,3,1,1,"ithilin glaikol kon dhoroner joug? A. alodihaid B. alokohol C. alokin D. alokain Answer with only A, B, C, or D."
benqa_10th-Biology_0156,benqa,biology,Biology,10th,mcq,human_reviewed_banglish_v5,minor_edit,C,4,6,1,6,1,0.1667,0.1667,amishe; bhag; bidyoman; naitrojen; shotkora,amishe shotkora koto bhag naitrojen bidyoman,0,0,0,0,0.0,0.0,,12 14 16 18,0,0,0,0,0.0,0.0,,16,1,1,2,1,1,"amishe shotkora koto bhag naitrojen bidyoman A. 12 B. 14 C. 16 D. 18 Answer with only A, B, C, or D."
benqa_12th-Math-I_0383,benqa,math-i,Math-I,12th,mcq,human_reviewed_banglish_v5,minor_edit,D,4,4,2,4,2,0.5,0.5,dx; frac,\frac{d}{dx} (log_{5}x) = koto?,7,2,4,2,0.2857,0.5,frac; lnx,\frac{1}{x} \frac{1}{x}log_{e}5 \frac{1}{5 lnx} \frac{1}{x ln5},2,1,2,1,0.5,0.5,frac,\frac{1}{x ln5},3,3,3,0,0,"\frac{d}{dx} (log_{5}x) = koto? A. \frac{1}{x} B. \frac{1}{x}log_{e}5 C. \frac{1}{5 lnx} D. \frac{1}{x ln5} Answer with only A,..."
benqa_10th-Biology_0213,benqa,biology,Biology,10th,mcq,auto_romanized_unverified_v4,unreviewed,A,4,7,3,7,3,0.4286,0.4286,karyogot; konotir; laisojomer; royechhe,laisojomer sathe nicher konotir karyogot mil royechhe?,8,0,5,0,0.0,0.0,jonon; kosh; losika; osthi; snayu,losika kosh snayu kosh jonon kosh osthi kosh,2,0,2,0,0.0,0.0,kosh; losika,losika kosh,3,1,1,2,0,laisojomer sathe nicher konotir karyogot mil royechhe? A. losika kosh B. snayu kosh C. jonon kosh D. osthi kosh Answer with onl...
benqa_10th-Math-II_0326,benqa,math-ii,Math-II,10th,mcq,human_reviewed_banglish_v5,minor_edit,C,4,5,2,5,2,0.4,0.4,cosb; sin; sqrt,"sin B = \sqrt{2} - cosB hole, B = koto?",8,4,2,1,0.5,0.5,frac,\frac{\pi}{2} \frac{\pi}{3} \frac{\pi}{4} \frac{\pi}{6},2,1,2,1,0.5,0.5,frac,\frac{\pi}{4},2,3,2,0,0,"sin B = \sqrt{2} - cosB hole, B = koto? A. \frac{\pi}{2} B. \frac{\pi}{3} C. \frac{\pi}{4} D. \frac{\pi}{6} Answer with only A,..."
benqa_12th-Biology-II_0321,benqa,biology-ii,Biology-II,12th,mcq,human_reviewed_banglish_v5,minor_edit,C,4,5,0,5,0,0.0,0.0,brihottom; dwitiy; konti; porb; pranijogoter,pranijogoter dwitiy brihottom porb konti?,4,0,4,0,0.0,0.0,annelida; athropoda; cnidaria; mollusca,Cnidaria Annelida Mollusca Athropoda,1,0,1,0,0.0,0.0,mollusca,Mollusca,0,0,1,1,0,"pranijogoter dwitiy brihottom porb konti? A. Cnidaria B. Annelida C. Mollusca D. Athropoda Answer with only A, B, C, or D."
benqa_12th-Biology-II_0287,benqa,biology-ii,Biology-II,12th,mcq,human_reviewed_banglish_v5,minor_edit,B,4,13,4,12,4,0.3077,0.3333,amailej; iii; karboksipepotaid; konti; ongsh; peposin; poripake; protin,protin poripake ongsh ney konti? i. peposin ii. amailej iii. karboksipepotaid nicher konti sothik?,6,3,2,1,0.5,0.5,iii,"i o ii i o iii ii o iii i, ii, o iii",1,0,1,0,0.0,0.0,iii,i o iii,2,1,3,2,2,protin poripake ongsh ney konti? i. peposin ii. amailej iii. karboksipepotaid nicher konti sothik? A. i o ii B. i o iii C. ii o...
benqa_12th-Physics-I_0079,benqa,physics-i,Physics-I,12th,mcq,human_reviewed_banglish_v5,minor_edit,C,4,4,0,4,0,0.0,0.0,konti; porom; shuny; tapomatra,porom shuny tapomatra konti?,4,0,1,0,0.0,0.0,circ,273^{\circ}C 0^{\circ}C -273^{\circ}C -373^{\circ}C,1,0,1,0,0.0,0.0,circ,-273^{\circ}C,3,3,3,0,0,"porom shuny tapomatra konti? A. 273^{\circ}C B. 0^{\circ}C C. -273^{\circ}C D. -373^{\circ}C Answer with only A, B, C, or D."
benqa_12th-Chemistry-I_0140,benqa,chemistry-i,Chemistry-I,12th,mcq,human_reviewed_banglish_v5,minor_edit,D,4,16,6,14,5,0.375,0.3571,ayoner; caf; drabyota; drobone; floraid; ghonomatra; gunofol; joliy; somprikt,CaF_{2}-er somprikt joliy drobone floraid ayoner ghonomatra 0.00655 gL^{-1} hole CaF_{2} er draby...,4,0,1,0,0.0,0.0,times,3.7\times 10^{-13} 2.048\times 10^{-10} 3.7\times 10^{-12} 2.048\times 10^{-11},1,0,1,0,0.0,0.0,times,2.048\times 10^{-11},1,1,2,1,0,CaF_{2}-er somprikt joliy drobone floraid ayoner ghonomatra 0.00655 gL^{-1} hole CaF_{2} er drabyota gunofol koto hobe? A. 3.7\...
benqa_8th-Science_0042,benqa,science,Science,8th,mcq,auto_romanized_unverified_v4,unreviewed,B,4,4,0,4,0,0.0,0.0,mul; saban; toirir; upadan,saban toirir mul upadan,4,0,4,0,0.0,0.0,esid; glisarin; ksharok; lobon,esid ksharok lobon glisarin,1,0,1,0,0.0,0.0,ksharok,ksharok,1,0,3,3,1,"saban toirir mul upadan A. esid B. ksharok C. lobon D. glisarin Answer with only A, B, C, or D."
benqa_12th-Chemistry-I_0303,benqa,chemistry-i,Chemistry-I,12th,mcq,auto_romanized_unverified_v4,unreviewed,D,4,5,2,5,2,0.4,0.4,esidoti; shoktishali; sobocheye,nicher kon esidoti sobocheye shoktishali?,4,1,4,1,0.25,0.25,hbr; hci; hf,HF HCI HBr HI,1,1,1,1,1.0,1.0,,HI,3,3,3,0,0,"nicher kon esidoti sobocheye shoktishali? A. HF B. HCI C. HBr D. HI Answer with only A, B, C, or D."
benqa_12th-Physics-II_0290,benqa,physics-ii,Physics-II,12th,mcq,human_reviewed_banglish_v5,minor_edit,B,4,20,5,16,4,0.25,0.25,borjon; bostu; grahoker; grohon; injiner; karno; karyonirbahok; tap; tapograhoke; tapomatra; tapomatrar; utos,ekti karno injiner karyonirbahok bostu 400 K tapomatrar tap utos hote 840 J tap grohon kore tapog...,0,0,0,0,0.0,0.0,,210 K 300 K 400 K 440 K,0,0,0,0,0.0,0.0,,300 K,2,0,1,2,1,ekti karno injiner karyonirbahok bostu 400 K tapomatrar tap utos hote 840 J tap grohon kore tapograhoke 630 J tap borjon kore....
benqa_8th-Math_0072,benqa,math,Math,8th,mcq,auto_romanized_unverified_v4,unreviewed,B,4,6,1,6,1,0.1667,0.1667,bijogonitiy; pod; rashir; songkhyati; tom,779 songkhyati kon bijogonitiy rashir 111 tom pod?,0,0,0,0,0.0,0.0,,7k - 2 7k + 2 5555k + 224 777k + 2,0,0,0,0,0.0,0.0,,7k + 2,0,1,1,1,0,"779 songkhyati kon bijogonitiy rashir 111 tom pod? A. 7k - 2 B. 7k + 2 C. 5555k + 224 D. 777k + 2 Answer with only A, B, C, or D."
benqa_12th-Physics-I_0133,benqa,physics-i,Physics-I,12th,mcq,human_reviewed_banglish_v5,minor_edit,C,4,9,2,9,2,0.2222,0.2222,adorsh; frac; gyas; gyaser; konti; mol; somikoron,\frac{3}{2} mol gyaser jony adorsh gyas somikoron hobe konti?,11,0,3,0,0.0,0.0,frac; pv; rt,3PV = 2RT 2PV = \frac{1}{3} RT 2PV = 3RT \frac{PV}{RT}=\frac{2}{3},2,0,2,0,0.0,0.0,pv; rt,2PV = 3RT,3,1,3,2,2,\frac{3}{2} mol gyaser jony adorsh gyas somikoron hobe konti? A. 3PV = 2RT B. 2PV = \frac{1}{3} RT C. 2PV = 3RT D. \frac{PV}{RT...
benqa_10th-Biology_0128,benqa,biology,Biology,10th,mcq,human_reviewed_banglish_v5,minor_edit,A,4,6,1,6,1,0.1667,0.1667,ister; konti; prokriyay; shboson; utoponn,ister shboson prokriyay konti utoponn hoy?,8,0,6,0,0.0,0.0,asitik; esid; glisarik; glukoj; lyakotik; oksalo,lyakotik esid glukoj oksalo asitik esid glisarik esid,2,0,2,0,0.0,0.0,esid; lyakotik,lyakotik esid,2,0,2,3,1,ister shboson prokriyay konti utoponn hoy? A. lyakotik esid B. glukoj C. oksalo asitik esid D. glisarik esid Answer with only A...
benqa_12th-Physics-II_0195,benqa,physics-ii,Physics-II,12th,mcq,human_reviewed_banglish_v5,minor_edit,B,4,6,4,6,4,0.6667,0.6667,byasardh; dharokotto,prithibir byasardh 6500 km er dharokotto koto?,3,0,1,0,0.0,0.0,mu,711 F 722 \mu F 640 \mu F 614 \mu F,1,0,1,0,0.0,0.0,mu,722 \mu F,1,0,2,2,1,"prithibir byasardh 6500 km er dharokotto koto? A. 711 F B. 722 \mu F C. 640 \mu F D. 614 \mu F Answer with only A, B, C, or D."
benqa_12th-Chemistry-I_0190,benqa,chemistry-i,Chemistry-I,12th,mcq,auto_romanized_unverified_v4,unreviewed,B,4,6,3,6,3,0.5,0.5,bondhon; konotir; sobocheye,nicher konotir bondhon kon sobocheye bor?,3,1,3,1,0.3333,0.3333,bcl; ch,CH_{4} BCl_{3} NH_{3} H_{2}O,1,0,1,0,0.0,0.0,bcl,BCl_{3},0,0,2,2,0,"nicher konotir bondhon kon sobocheye bor? A. CH_{4} B. BCl_{3} C. NH_{3} D. H_{2}O Answer with only A, B, C, or D."
benqa_8th-Math_0062,benqa,math,Math,8th,mcq,auto_romanized_unverified_v4,unreviewed,D,4,6,3,6,3,0.5,0.5,binduti; obosthit; oksher,nicher kon binduti x-oksher upor obosthit?,0,0,0,0,0.0,0.0,,"(- 5, 5) (3, - 3) (0, 4) (2, 0)",0,0,0,0,0.0,0.0,,"(2, 0)",3,2,3,1,1,"nicher kon binduti x-oksher upor obosthit? A. (- 5, 5) B. (3, - 3) C. (0, 4) D. (2, 0) Answer with only A, B, C, or D."
benqa_12th-Math-I_0029,benqa,math-i,Math-I,12th,mcq,auto_romanized_unverified_v4,unreviewed,B,4,13,3,13,3,0.2308,0.2308,bindugami; dhonatmok; diker; frac; oksher; somikoron; sorolorekha; sorolorekhar; tan; utoponn,"(-5, 10) bindugami sorolorekha x-oksher dhonatmok diker sathe tan^{-1}\frac{3}{4} kon utoponn kor...",0,0,0,0,0.0,0.0,,4x + 3y - 10 = 0 3x - 4y - 55 = 0 3x + 4y + 55 = 0 4x + 3y + 30 = 0,0,0,0,0,0.0,0.0,,3x - 4y - 55 = 0,0,0,1,1,0,"(-5, 10) bindugami sorolorekha x-oksher dhonatmok diker sathe tan^{-1}\frac{3}{4} kon utoponn kore. sorolorekhar somikoron- A...."
benqa_10th-Chemistry_0322,benqa,chemistry,Chemistry,10th,mcq,auto_romanized_unverified_v4,unreviewed,B,4,5,0,5,0,0.0,0.0,bidyoman; bondhon; dwi; konotir; onute,konotir onute dwi-bondhon bidyoman?,4,0,4,0,0.0,0.0,haidrojen; klorin; naitrojen; oksijen,haidrojen oksijen naitrojen klorin,1,0,1,0,0.0,0.0,oksijen,oksijen,3,1,3,2,2,"konotir onute dwi-bondhon bidyoman? A. haidrojen B. oksijen C. naitrojen D. klorin Answer with only A, B, C, or D."
benqa_12th-Biology-II_0203,benqa,biology-ii,Biology-II,12th,mcq,human_reviewed_banglish_v5,minor_edit,D,4,23,7,22,6,0.3043,0.2727,bhitamin; chorbijatiy; hochchhe; iii; imalosifai; jingk; khaddoke; konti; kopar; nishkashit; parod; pittoroser,"pittoroser kaj hochchhe- i. chorbijatiy khaddoke imalosifai kora ii. bhitamin A,D,E,o K shoshone...",6,3,2,1,0.5,0.5,iii,"i o ii i o iii ii o iii i, ii, o iii",2,1,2,1,0.5,0.5,iii,"i, ii, o iii",3,3,2,0,0,"pittoroser kaj hochchhe- i. chorbijatiy khaddoke imalosifai kora ii. bhitamin A,D,E,o K shoshone sohayota kore iii. kopar, jing..."
benqa_10th-Physics_0106,benqa,physics,Physics,10th,mcq,human_reviewed_banglish_v5,minor_edit,A,4,17,5,14,5,0.2941,0.3571,badhay; bina; bostu; mitar; otikrom; poront; poth; sekend; sekende,bina badhay poront bostu 5 sekende 50 mitar poth otikrom korle 72 mitar poth otikrom korte koto s...,0,0,0,0,0.0,0.0,,6 7.2 9.5 12,0,0,0,0,0.0,0.0,,6,0,0,0,0,0,bina badhay poront bostu 5 sekende 50 mitar poth otikrom korle 72 mitar poth otikrom korte koto sekend somoy lagbe? A. 6 B. 7.2...
benqa_12th-Math-I_0187,benqa,math-i,Math-I,12th,mcq,human_reviewed_banglish_v5,minor_edit,B,4,10,1,10,1,0.1,0.1,dhal; duiti; dwitiy; ky; lomb; rekhar; rekhatir; somikoron; sorolorekhar,2x - ky + 1 = 0 o 3x + 2y - 6 = 0 duiti sorolorekhar somikoron. dwitiy rekhatir lomb rekhar dhal...,4,0,1,0,0.0,0.0,frac,\frac{3}{2} \frac{2}{3} - \frac{2}{3} - \frac{3}{2},1,0,1,0,0.0,0.0,frac,\frac{2}{3},0,1,0,0,0,2x - ky + 1 = 0 o 3x + 2y - 6 = 0 duiti sorolorekhar somikoron. dwitiy rekhatir lomb rekhar dhal koto? A. \frac{3}{2} B. \frac{...
benqa_10th-Biology_0149,benqa,biology,Biology,10th,mcq,auto_romanized_unverified_v4,unreviewed,B,4,7,1,7,1,0.1429,0.1429,gole; konotir; noler; prachir; prantiy; srishti,konotir prantiy prachir gole noler srishti hoy?,4,0,4,0,0.0,0.0,bhesel; sibhokosh; songgikosh; trakid,sibhokosh bhesel trakid songgikosh,1,0,1,0,0.0,0.0,bhesel,bhesel,2,0,2,3,1,"konotir prantiy prachir gole noler srishti hoy? A. sibhokosh B. bhesel C. trakid D. songgikosh Answer with only A, B, C, or D."
benqa_10th-Physics_0130,benqa,physics,Physics,10th,mcq,human_review_bad_banglish,bad,D,4,22,8,21,7,0.3636,0.3333,bipul; byobohrit; ghonotb; iii; iureniyam; jbalani; konoti; kontrol; kot; manobodeher; nirgot; rod,manobodeher ghonotb kot? i. kontrol rod thake ii. bipul poriman tap shokti nirgot hoy iii. jbalan...,6,3,2,1,0.5,0.5,iii,"i o ii i o iii ii o iii i, ii o iii",2,1,2,1,0.5,0.5,iii,"i, ii o iii",2,3,2,0,0,manobodeher ghonotb kot? i. kontrol rod thake ii. bipul poriman tap shokti nirgot hoy iii. jbalani hisebe iureniyam byobohrit h...
benqa_12th-Chemistry-I_0286,benqa,chemistry-i,Chemistry-I,12th,mcq,human_review_bad_banglish,bad,C,4,6,2,6,2,0.3333,0.3333,kot; matir; otyanukul; urbor,urbor matir jony otyanukul pH kot?,3,1,3,1,0.3333,0.3333,jul; oct,3.0-4 6-May 8-Jul 11-Oct,1,0,1,0,0.0,0.0,jul,8-Jul,0,0,0,0,0,"urbor matir jony otyanukul pH kot? A. 3.0-4 B. 6-May C. 8-Jul D. 11-Oct Answer with only A, B, C, or D."
benqa_12th-Physics-II_0131,benqa,physics-ii,Physics-II,12th,mcq,human_review_bad_banglish,bad,B,4,5,1,5,1,0.2,0.2,konoti; mul; somikoron; tharmomitir,tharmomitir mul somikoron nicher konoti?,36,0,4,0,0.0,0.0,frac; ice; steam; theta,\frac{N}{\theta - \theta_{ice}} = \frac{X_{\theta} - X_{ice}}{X_{steam} - X_{ice}} \frac{\theta -...,9,0,4,0,0.0,0.0,frac; ice; steam; theta,\frac{\theta - \theta_{ice}}{N} = \frac{X_{\theta} - X_{ice}}{X_{steam} - X_{ice}},0,1,0,0,0,tharmomitir mul somikoron nicher konoti? A. \frac{N}{\theta - \theta_{ice}} = \frac{X_{\theta} - X_{ice}}{X_{steam} - X_{ice}}...
benqa_10th-Biology_0188,benqa,biology,Biology,10th,mcq,auto_romanized_unverified_v4,unreviewed,A,4,5,1,5,1,0.2,0.2,jojok; prokar; tisyu; torol,torol jojok tisyu koy prokar?,0,0,0,0,0.0,0.0,,2 3 4 5,0,0,0,0,0.0,0.0,,2,1,1,1,1,0,"torol jojok tisyu koy prokar? A. 2 B. 3 C. 4 D. 5 Answer with only A, B, C, or D."
benqa_10th-Physics_0036,benqa,physics,Physics,10th,mcq,human_reviewed_banglish_v5,minor_edit,C,4,13,5,13,5,0.3846,0.3846,byokti; ekojon; keji; kshomota; ojoner; oyat; pahare; uchu,"70 keji ojoner ekojon byokti 5 minite 100 m uchu pahare uthe, tar kshomota koto oyat? [g = 9.8 ms...",0,0,0,0,0.0,0.0,,3500 1400 228.67 0.14,0,0,0,0,0.0,0.0,,228.67,3,3,3,0,0,"70 keji ojoner ekojon byokti 5 minite 100 m uchu pahare uthe, tar kshomota koto oyat? [g = 9.8 ms^{-2}] A. 3500 B. 1400 C. 228...."
benqa_12th-Chemistry-I_0218,benqa,chemistry-i,Chemistry-I,12th,mcq,human_reviewed_banglish_v5,minor_edit,D,4,7,3,7,3,0.4286,0.4286,angle; hoh; onute; panir,panir onute \angle HOH er man koto?,4,0,1,0,0.0,0.0,circ,120^{\circ} 109^{\circ} 107^{\circ} 104.5^{\circ},1,0,1,0,0.0,0.0,circ,104.5^{\circ},1,1,1,0,0,"panir onute \angle HOH er man koto? A. 120^{\circ} B. 109^{\circ} C. 107^{\circ} D. 104.5^{\circ} Answer with only A, B, C, or D."
benqa_10th-Biology_0090,benqa,biology,Biology,10th,mcq,human_reviewed_banglish_v5,minor_edit,C,4,3,1,3,1,0.3333,0.3333,konti; potonggoporagi,potonggoporagi ful konti?,4,1,4,1,0.25,0.25,akh; kochu; sorisha,dhan kochu sorisha akh,1,0,1,0,0.0,0.0,sorisha,sorisha,1,1,2,1,0,"potonggoporagi ful konti? A. dhan B. kochu C. sorisha D. akh Answer with only A, B, C, or D."
benqa_12th-Chemistry-II_0117,benqa,chemistry-ii,Chemistry-II,12th,mcq,human_reviewed_banglish_v5,minor_edit,C,4,18,4,17,4,0.2222,0.2353,alodihaid; bikarok; byobohrit; dnph; drobon; feling; iii; kitoner; konti; modhye; niruponer; parthoky,alodihaid o kitoner modhye parthoky niruponer jony byobohrit bikarok- i. tolen bikarok ii. 2 : 4...,6,3,2,1,0.5,0.5,iii,"i o ii ii o iii i o iii i, ii o iii",1,0,1,0,0.0,0.0,iii,i o iii,1,0,2,2,1,alodihaid o kitoner modhye parthoky niruponer jony byobohrit bikarok- i. tolen bikarok ii. 2 : 4 - DNPH iii. feling drobon nich...
benqa_12th-Biology-II_0034,benqa,biology-ii,Biology-II,12th,mcq,human_reviewed_banglish_v5,minor_edit,B,4,4,0,4,0,0.0,0.0,konti; kshudr; kshudrantrer; ongsh,kshudrantrer kshudr ongsh konti?,4,0,4,0,0.0,0.0,diodenam; iliyam; jejunam; pailoras,pailoras diodenam jejunam iliyam,1,0,1,0,0.0,0.0,diodenam,diodenam,1,1,2,2,0,"kshudrantrer kshudr ongsh konti? A. pailoras B. diodenam C. jejunam D. iliyam Answer with only A, B, C, or D."
benqa_12th-Physics-II_0088,benqa,physics-ii,Physics-II,12th,mcq,human_reviewed_banglish_v5,minor_edit,A,4,15,6,15,6,0.4,0.4,byakhya; haigen; iii; konti; nitir; protifolon; protisoron; sahajye; somoborton,haigen‌s er nitir sahajye byakhya kora jay- i. protisoron ii. protifolon iii. somoborton nicher k...,6,3,2,1,0.5,0.5,iii,"i o ii i o iii ii o iii i, ii o iii",1,1,1,1,1.0,1.0,,i o ii,0,0,0,0,0,haigen‌s er nitir sahajye byakhya kora jay- i. protisoron ii. protifolon iii. somoborton nicher konti sothik? A. i o ii B. i o...
benqa_12th-Chemistry-II_0305,benqa,chemistry-ii,Chemistry-II,12th,mcq,human_reviewed_banglish_v5,minor_edit,D,4,6,3,6,3,0.5,0.5,oc; rms; tapomatray,27^oC tapomatray O_2 er RMS man koto?,4,4,1,1,1.0,1.0,,453.23 ms^{-1} 463.34 ms^{-1} 473.45 ms^{-1} 483.56 ms^{-1},1,1,1,1,1.0,1.0,,483.56 ms^{-1},0,1,0,0,0,27^oC tapomatray O_2 er RMS man koto? A. 453.23 ms^{-1} B. 463.34 ms^{-1} C. 473.45 ms^{-1} D. 483.56 ms^{-1} Answer with only...
benqa_10th-Physics_0296,benqa,physics,Physics,10th,mcq,auto_romanized_unverified_v4,unreviewed,D,4,9,1,9,1,0.1111,0.1111,bikriyar; chein; dhape; dwitiy; iureniyamer; kototi; nirgot; niutron,iureniyamer chein bikriyar dwitiy dhape kototi niutron nirgot hoy?,4,4,1,1,1.0,1.0,,2 ti 3 ti 6 ti 9 ti,1,1,1,1,1.0,1.0,,9 ti,0,1,1,1,0,"iureniyamer chein bikriyar dwitiy dhape kototi niutron nirgot hoy? A. 2 ti B. 3 ti C. 6 ti D. 9 ti Answer with only A, B, C, or D."
benqa_10th-Physics_0150,benqa,physics,Physics,10th,mcq,human_reviewed_banglish_v5,minor_edit,B,4,3,0,3,0,0.0,0.0,konti; rashi; skelar,konti skelar rashi?,4,0,4,0,0.0,0.0,beg; druti; soron; tworon,beg druti soron tworon,1,0,1,0,0.0,0.0,druti,druti,1,2,3,1,1,"konti skelar rashi? A. beg B. druti C. soron D. tworon Answer with only A, B, C, or D."
benqa_10th-Chemistry_0110,benqa,chemistry,Chemistry,10th,mcq,human_reviewed_banglish_v5,minor_edit,C,4,4,0,4,0,0.0,0.0,chuner; konti; panir; songket,chuner panir songket konti?,6,1,5,1,0.1667,0.2,ca; caco; cao; hco,CaCO_{3} CaO Ca(OH)_{2} Ca(HCO_{3})_{2},2,1,2,1,0.5,0.5,ca,Ca(OH)_{2},1,0,3,3,1,"chuner panir songket konti? A. CaCO_{3} B. CaO C. Ca(OH)_{2} D. Ca(HCO_{3})_{2} Answer with only A, B, C, or D."
benqa_10th-Math-II_0357,benqa,math-ii,Math-II,10th,mcq,human_reviewed_banglish_v5,minor_edit,D,4,11,6,10,5,0.5455,0.5,bistritite; frac; konti; left; nirnoyer,\left ( 2 - \frac{x}{2} \right ){6} er bistritite (1.8875)^{6} nirnoyer jony x er man nicher konti?,0,0,0,0,0.0,0.0,,-0.225 -0.1125 0.01125 0.225,0,0,0,0,0.0,0.0,,0.225,1,1,0,0,0,\left ( 2 - \frac{x}{2} \right ){6} er bistritite (1.8875)^{6} nirnoyer jony x er man nicher konti? A. -0.225 B. -0.1125 C. 0.0...
benqa_12th-Chemistry-II_0013,benqa,chemistry-ii,Chemistry-II,12th,mcq,human_reviewed_banglish_v5,minor_edit,C,4,6,2,6,2,0.3333,0.3333,byobohrit; ghumer; konti; oushodh,ghumer oushodh hisebe byobohrit hoy konti?,4,0,4,0,0.0,0.0,asitalodihaid; foromalodihaid; metalodihaid; pyaralodihaid,foromalodihaid asitalodihaid pyaralodihaid metalodihaid,1,0,1,0,0.0,0.0,pyaralodihaid,pyaralodihaid,1,1,3,2,1,ghumer oushodh hisebe byobohrit hoy konti? A. foromalodihaid B. asitalodihaid C. pyaralodihaid D. metalodihaid Answer with only...
benqa_8th-Science_0202,benqa,science,Science,8th,mcq,human_reviewed_banglish_v5,minor_edit,C,4,4,1,4,1,0.25,0.25,khaddo; konti; shringkhol,sothik khaddo-shringkhol konti?,22,0,11,0,0.0,0.0,bagh; byang; chhotomachh; chhotomas; faitoplangkoton; faitoplyangkoton; ghas; ju; juplangkoton; plangkoton; rightarrow,ghas \rightarrow faitoplyangkoton \rightarrow juplangkoton ju-plangkoton \rightarrow faitoplyangk...,6,0,5,0,0.0,0.0,chhotomachh; faitoplangkoton; ju; plangkoton; rightarrow,faitoplangkoton \rightarrow ju-plangkoton \rightarrow chhotomachh,3,0,3,3,3,sothik khaddo-shringkhol konti? A. ghas \rightarrow faitoplyangkoton \rightarrow juplangkoton B. ju-plangkoton \rightarrow fait...
benqa_8th-Science_0078,benqa,science,Science,8th,mcq,human_reviewed_banglish_v5,minor_edit,C,4,22,8,22,8,0.3636,0.3636,alo; apoton; bayu; bibhedotol; borabor; circ; ekshetre; jaoyar; koner; madhyome; madhyomer; protisorit,alo kach theke bayu madhyome jaoyar somoy apoton kon 32^{\circ} hole protisorit roshniti madhyome...,4,0,1,0,0.0,0.0,circ,0^{\circ} 32^{\circ} 90^{\circ} 180^{\circ},1,0,1,0,0.0,0.0,circ,90^{\circ},0,1,1,0,0,alo kach theke bayu madhyome jaoyar somoy apoton kon 32^{\circ} hole protisorit roshniti madhyomer bibhedotol borabor jay. eksh...
benqa_12th-Math-I_0202,benqa,math-i,Math-I,12th,mcq,human_reviewed_banglish_v5,minor_edit,B,4,7,1,7,1,0.1429,0.1429,cosx; dx; frac; int; sinx; sqrt,\int \frac{cosx}{\sqrt{sinx}} dx = koto?,10,0,4,0,0.0,0.0,cosx; frac; sinx; sqrt,2\sqrt{cosx} + c 2\sqrt{sinx} + c \frac{1}{2} \sqrt{cosx} + c \frac{1}{2} \sqrt{sinx} + c,2,0,2,0,0.0,0.0,sinx; sqrt,2\sqrt{sinx} + c,3,2,2,1,0,\int \frac{cosx}{\sqrt{sinx}} dx = koto? A. 2\sqrt{cosx} + c B. 2\sqrt{sinx} + c C. \frac{1}{2} \sqrt{cosx} + c D. \frac{1}{2}...
benqa_12th-Physics-II_0213,benqa,physics-ii,Physics-II,12th,mcq,human_reviewed_banglish_v5,minor_edit,D,4,9,2,9,2,0.2222,0.2222,adorsh; gyaser; modhye; prokriyay; ruddhotapiy; sompork; tapomatrar,ruddhotapiy prokriyay ekti adorsh gyaser chap o tapomatrar modhye sompork-,11,0,3,0,0.0,0.0,dhrubok; gama; gamma,P^{\gamma - 1} = dhrubok P^{\gamma} T^{\gama + 1} = dhrubok P^{\gamma} T^{\gamma - 1} = dhrubok P...,3,0,2,0,0.0,0.0,dhrubok; gamma,P^{1 - \gamma} T^{\gamma} = dhrubok,0,0,0,0,0,ruddhotapiy prokriyay ekti adorsh gyaser chap o tapomatrar modhye sompork- A. P^{\gamma - 1} = dhrubok B. P^{\gamma} T^{\gama +...
benqa_8th-Science_0159,benqa,science,Science,8th,mcq,human_reviewed_banglish_v5,minor_edit,B,4,4,2,4,2,0.5,0.5,konti; rosalo,nicher konti rosalo fol?,4,1,4,1,0.25,0.25,anaros; kanthal; kola,ata kola anaros kanthal,1,0,1,0,0.0,0.0,kola,kola,0,0,1,1,0,"nicher konti rosalo fol? A. ata B. kola C. anaros D. kanthal Answer with only A, B, C, or D."
benqa_10th-Physics_0280,benqa,physics,Physics,10th,mcq,human_reviewed_banglish_v5,minor_edit,B,4,3,1,3,1,0.3333,0.3333,konti; rodhokotto,tamar rodhokotto konti?,8,0,2,0,0.0,0.0,omega; times,1.6 \times 10^{-8}\Omega m 1.68 \times 10^{-8}\Omega m 2.44 \times 10^{-8}\Omega m 5.5 \times 10^...,2,0,2,0,0.0,0.0,omega; times,1.68 \times 10^{-8}\Omega m,2,2,3,1,0,tamar rodhokotto konti? A. 1.6 \times 10^{-8}\Omega m B. 1.68 \times 10^{-8}\Omega m C. 2.44 \times 10^{-8}\Omega m D. 5.5 \tim...
benqa_10th-Chemistry_0132,benqa,chemistry,Chemistry,10th,mcq,human_reviewed_banglish_v5,minor_edit,A,4,3,0,3,0,0.0,0.0,bisforok; konti; podarth,bisforok podarth konti?,6,2,5,1,0.3333,0.2,benojin; en; jailin; toluin,ti.en.ti benojin toluin jailin,3,2,2,1,0.6667,0.5,en,ti.en.ti,2,0,3,3,2,"bisforok podarth konti? A. ti.en.ti B. benojin C. toluin D. jailin Answer with only A, B, C, or D."
benqa_12th-Chemistry-II_0228,benqa,chemistry-ii,Chemistry-II,12th,mcq,human_reviewed_banglish_v5,minor_edit,C,4,23,9,16,6,0.3913,0.375,ag; aq; bikriya; bikriyati; bikriyatite; iii; jarit; konti; ridoks; xrightarrow,Ni(s) + 2Ag^{+}(aq) \xrightarrow{2e^{-}} Ni^{2+}(aq) + 2Ag(s); bikriyatite- i. Ni jarit hoy ii. A...,6,3,2,1,0.5,0.5,iii,"i o ii ii o iii i o iii i, ii o iii",1,0,1,0,0.0,0.0,iii,i o iii,2,1,3,2,2,Ni(s) + 2Ag^{+}(aq) \xrightarrow{2e^{-}} Ni^{2+}(aq) + 2Ag(s); bikriyatite- i. Ni jarit hoy ii. Ag jarit hoy iii. bikriyati ekt...
benqa_12th-Physics-I_0254,benqa,physics-i,Physics-I,12th,mcq,human_reviewed_banglish_v5,minor_edit,B,4,7,2,7,2,0.2857,0.2857,konti; kshetr; matrar; mohakorsh; prabolyer,mohakorsh kshetr prabolyer matrar khetre konti sothik?,4,0,2,0,0.0,0.0,lt; mlt,[LT^{-1}] [LT^{-2}] [MLT^{-1}] [MLT^{-2}],1,0,1,0,0.0,0.0,lt,[LT^{-2}],1,1,1,0,0,mohakorsh kshetr prabolyer matrar khetre konti sothik? A. [LT^{-1}] B. [LT^{-2}] C. [MLT^{-1}] D. [MLT^{-2}] Answer with only A...
benqa_10th-Biology_0057,benqa,biology,Biology,10th,mcq,human_reviewed_banglish_v5,minor_edit,C,4,28,8,25,8,0.2857,0.32,akh; bagane; begun; bhutta; bijaroner; esid; esitik; gachh; goni; iii; kichhu; konti,goni saheb tar bagane emon kichhu gachh lagiyechhen jar CO_{2} bijaroner prothom sthayi podarth o...,6,3,2,1,0.5,0.5,iii,"i o ii ii o iii i o iii i, ii o iii",1,0,1,0,0.0,0.0,iii,i o iii,2,1,1,1,0,goni saheb tar bagane emon kichhu gachh lagiyechhen jar CO_{2} bijaroner prothom sthayi podarth oksalo esitik esid. goni saheb...
benqa_12th-Biology-II_0247,benqa,biology-ii,Biology-II,12th,mcq,human_reviewed_banglish_v5,minor_edit,B,4,14,2,13,2,0.1429,0.1538,bodhir; ddee; dwara; kros; muk; rightarrow; sombhabona; sontan; times; uddipoke; ullikhit,P \rightarrow DdEe \times ddEE uddipoke ullikhit kros dwara muk o bodhir sontan hobar sombhabona...,0,0,0,0,0.0,0.0,,25% 50% 75% 100%,0,0,0,0,0.0,0.0,,50%,2,2,0,1,0,P \rightarrow DdEe \times ddEE uddipoke ullikhit kros dwara muk o bodhir sontan hobar sombhabona koto? A. 25% B. 50% C. 75% D....
benqa_12th-Biology-I_0039,benqa,biology-i,Biology-I,12th,mcq,auto_romanized_unverified_v4,unreviewed,C,4,4,0,4,0,0.0,0.0,hochchhe; ongsh; ontohstiliy; udbhider,udbhider ontohstiliy ongsh hochchhe-,4,0,4,0,0.0,0.0,epidarmis; haipodarmis; karteks; mojjaroshmi,haipodarmis epidarmis mojjaroshmi karteks,1,0,1,0,0.0,0.0,mojjaroshmi,mojjaroshmi,1,0,0,1,0,"udbhider ontohstiliy ongsh hochchhe- A. haipodarmis B. epidarmis C. mojjaroshmi D. karteks Answer with only A, B, C, or D."
benqa_12th-Chemistry-II_0235,benqa,chemistry-ii,Chemistry-II,12th,mcq,human_reviewed_banglish_v5,minor_edit,A,4,4,1,4,1,0.25,0.25,esid; konti; luis,nicher konti luis esid?,4,3,4,3,0.75,0.75,alcl,AlCl_{3} H_{2}CO_{3} NH_{3} H_{3}PO_{4},1,0,1,0,0.0,0.0,alcl,AlCl_{3},2,1,3,2,2,"nicher konti luis esid? A. AlCl_{3} B. H_{2}CO_{3} C. NH_{3} D. H_{3}PO_{4} Answer with only A, B, C, or D."
benqa_8th-Science_0024,benqa,science,Science,8th,mcq,auto_romanized_unverified_v4,unreviewed,C,4,8,2,8,2,0.25,0.25,bornomala; ingreji; konodhare; kromojomogulo; maitosiser; mot,maitosiser konodhare kromojomogulo ingreji bornomala J er mot hoy?,4,0,4,0,0.0,0.0,enafej; metafej; profej; telofej,profej metafej enafej telofej,1,0,1,0,0.0,0.0,enafej,enafej,1,0,0,1,0,maitosiser konodhare kromojomogulo ingreji bornomala J er mot hoy? A. profej B. metafej C. enafej D. telofej Answer with only A...
benqa_12th-Biology-II_0179,benqa,biology-ii,Biology-II,12th,mcq,auto_romanized_unverified_v4,unreviewed,A,4,8,2,8,2,0.25,0.25,ayon; bandhote; dhatob; jomat; rokt; sohayota,rokt jomat bandhote kon dhatob ayon sohayota kore?,4,0,4,0,0.0,0.0,ca; cu; fe; mg,Ca^{++} Mg^{++} Cu^{++} Fe^{++},1,0,1,0,0.0,0.0,ca,Ca^{++},2,0,3,3,2,"rokt jomat bandhote kon dhatob ayon sohayota kore? A. Ca^{++} B. Mg^{++} C. Cu^{++} D. Fe^{++} Answer with only A, B, C, or D."
benqa_12th-Biology-I_0277,benqa,biology-i,Biology-I,12th,mcq,auto_romanized_unverified_v4,unreviewed,D,4,5,2,5,2,0.4,0.4,ghas; gotr; konotike,konotike ghas gotr bola hoy?,4,0,4,0,0.0,0.0,malobhesi; poyesi; saikyadesi; solanesi,solanesi saikyadesi malobhesi poyesi,1,0,1,0,0.0,0.0,poyesi,poyesi,1,1,3,2,0,"konotike ghas gotr bola hoy? A. solanesi B. saikyadesi C. malobhesi D. poyesi Answer with only A, B, C, or D."
benqa_10th-Chemistry_0194,benqa,chemistry,Chemistry,10th,mcq,auto_romanized_unverified_v4,unreviewed,D,4,5,2,5,2,0.4,0.4,mouloti; odhik; sokriy,nicher kon mouloti odhik sokriy?,0,0,0,0,0.0,0.0,,O P N F,0,0,0,0,0.0,0.0,,F,1,1,3,2,0,"nicher kon mouloti odhik sokriy? A. O B. P C. N D. F Answer with only A, B, C, or D."
benqa_12th-Physics-I_0157,benqa,physics-i,Physics-I,12th,mcq,auto_romanized_unverified_v4,unreviewed,A,4,15,6,15,6,0.4,0.4,beg; bhor; briddhi; briddhir; gotishoktir; jothakrome; kotogun; tinogun; ubhoyoke,bhor ebong beg ubhoyoke briddhi kore jothakrome tinogun kora hole gotishoktir briddhir poriman ko...,0,0,0,0,0.0,0.0,,27 21 18 8,0,0,0,0,0.0,0.0,,27,2,0,0,2,0,bhor ebong beg ubhoyoke briddhi kore jothakrome tinogun kora hole gotishoktir briddhir poriman kotogun hobe? A. 27 B. 21 C. 18...
benqa_12th-Biology-I_0056,benqa,biology-i,Biology-I,12th,mcq,auto_romanized_unverified_v4,unreviewed,A,4,4,1,4,1,0.25,0.25,haidothod; konotite; thakote,konotite haidothod thakote pare?,4,1,4,1,0.25,0.25,kand; mul; pata,pata ful mul kand,1,0,1,0,0.0,0.0,pata,pata,1,0,1,1,1,"konotite haidothod thakote pare? A. pata B. ful C. mul D. kand Answer with only A, B, C, or D."
benqa_10th-Math-II_0102,benqa,math-ii,Math-II,10th,mcq,human_reviewed_banglish_v5,minor_edit,D,4,8,5,8,5,0.625,0.625,bindu; somorekh; tinoti,"M(1, - 1), N(2, 2) ebong R(4, a) bindu tinoti somorekh hole, a er man koto?",0,0,0,0,0.0,0.0,,2 4 6 8,0,0,0,0,0.0,0.0,,8,1,1,1,0,0,"M(1, - 1), N(2, 2) ebong R(4, a) bindu tinoti somorekh hole, a er man koto? A. 2 B. 4 C. 6 D. 8 Answer with only A, B, C, or D."
benqa_10th-Math_0044,benqa,math,Math,10th,mcq,human_reviewed_banglish_v5,minor_edit,C,4,6,2,6,2,0.3333,0.3333,borger; kototi; protisamy; rekha,ekti borger kototi protisamy rekha ache?,4,4,1,1,1.0,1.0,,8ti 6ti 4ti 2ti,1,1,1,1,1.0,1.0,,4ti,3,0,3,3,3,"ekti borger kototi protisamy rekha ache? A. 8ti B. 6ti C. 4ti D. 2ti Answer with only A, B, C, or D."
