id,dataset,domain,subject,grade,task_type,answer_type,quality_status,review_label,reviewed_banglish_provided,answer,banglish_preview,banglish_chars,banglish_words,banglish_lines,banglish_option_lines,bangla_chars,english_chars,digit_count,latex_marker_count,operator_count,has_digits,has_latex_markers,has_formula_or_operator,has_roman_statement_list,has_science_symbol,has_review_label,Qwen2.5-3B_pattern,Qwen2.5-3B_bangla_correct,Qwen2.5-3B_banglish_correct,Qwen2.5-3B_english_correct,Qwen2.5-3B_fragility_event,Qwen2.5-7B_pattern,Qwen2.5-7B_bangla_correct,Qwen2.5-7B_banglish_correct,Qwen2.5-7B_english_correct,Qwen2.5-7B_fragility_event,Qwen3-4B_pattern,Qwen3-4B_bangla_correct,Qwen3-4B_banglish_correct,Qwen3-4B_english_correct,Qwen3-4B_fragility_event,n_models,banglish_fragility_events,strict_bangla_english_fragility_events,all_wrong_events,banglish_only_correct_events,bangla_correct_models,banglish_correct_models,english_correct_models,any_script_correct_models,any_model_fragile,all_models_fragile,long_banglish_words_q4,long_banglish_chars_q4
benqa_12th-Biology-I_0265,benqa,biology-i,Biology-I,12th,mcq,choice,human_reviewed_banglish_v5,minor_edit,True,A,"mi. 'k' byoboharik klase ekti nomunar poryobekshon kore dekholo metajailem kendrer dike, bhaskular bandol 9ti ebong kichhu ekok...",422,72,6,4,385,430,1,0,0,True,False,False,True,False,True,english_only_correct,False,False,True,True,english_only_correct,False,False,True,True,bangla_english_correct_banglish_wrong,True,False,True,True,3,3,1,0,0,1,0,3,3,True,True,True,True
benqa_12th-Chemistry-II_0240,benqa,chemistry-ii,Chemistry-II,12th,mcq,choice,auto_romanized_unverified_v4,unreviewed,False,B,CH_{3} - CH_{2} - COONa + NaOH \xrightarrow[\Delta]{CaO} A + Na_{2}CO_{3} uddipoker bikriyati ki name porichit? A. urtoj bikriy...,237,38,6,4,243,247,4,16,6,True,True,True,False,True,False,banglish_only_correct,False,True,False,False,banglish_english_correct_bangla_wrong,False,True,True,False,bangla_english_correct_banglish_wrong,True,False,True,True,3,1,1,0,1,1,2,2,3,True,False,True,True
benqa_10th-Chemistry_0111,benqa,chemistry,Chemistry,10th,mcq,choice,auto_romanized_unverified_v4,unreviewed,False,D,1s^{2}2s^{2}2p^{2} ilekotron binyasobishisht mouloti poryay saronir kon grupe obosthit? A. grup-1 B. grup-3 C. grup-5 D. grup-1...,160,25,6,4,159,185,11,9,4,True,True,True,False,False,False,all_wrong,False,False,False,False,all_wrong,False,False,False,False,all_correct,True,True,True,False,3,0,0,2,0,1,1,1,1,False,False,False,False
benqa_10th-Math_0186,benqa,math,Math,10th,mcq,choice,auto_romanized_unverified_v4,unreviewed,False,C,"2x + y = 1 o x = - 4 somikoronodboyer somadhan bindu kon chortubhage obosthit? A. 4th B. 3rd C. 2nd D. 1st Answer with only A,...",138,32,6,4,130,136,7,0,4,True,False,True,False,False,False,all_wrong,False,False,False,False,all_wrong,False,False,False,False,all_wrong,False,False,False,False,3,0,0,3,0,0,0,0,0,False,False,False,False
benqa_12th-Chemistry-II_0194,benqa,chemistry-ii,Chemistry-II,12th,mcq,choice,auto_romanized_unverified_v4,unreviewed,False,A,"semikondaktor hisebe byobohrit hoy- A. Ge B. Zn C. Cu D. Al Answer with only A, B, C, or D.",91,20,6,4,88,81,0,0,1,False,False,True,False,False,False,english_only_correct,False,False,True,True,all_correct,True,True,True,False,bangla_english_correct_banglish_wrong,True,False,True,True,3,2,1,0,0,2,1,3,3,True,False,False,False
banglamath_0234,banglamath,math,,six,short_answer,short_answer,human_reviewed_banglish_v5,minor_edit,True,৬ দিন,ekti kaj k 10 dine o kh 15 dine korle tara ekotre koto dine korbe Return only the final answer.,95,20,2,0,90,115,4,0,0,True,False,False,False,False,True,all_wrong,False,False,False,False,all_wrong,False,False,False,False,all_wrong,False,False,False,False,3,0,0,3,0,0,0,0,0,False,False,False,False
benqa_12th-Chemistry-II_0054,benqa,chemistry-ii,Chemistry-II,12th,mcq,choice,auto_romanized_unverified_v4,unreviewed,False,A,"amaider karyokori mulok holo- A. \text{-CONH_{2}} B. \text{-COX} C. \text{-CHO} D. \text{-NH_{2}} Answer with only A, B, C, or D.",129,20,6,4,129,109,2,18,5,True,True,True,False,False,False,banglish_english_correct_bangla_wrong,False,True,True,False,all_correct,True,True,True,False,bangla_english_correct_banglish_wrong,True,False,True,True,3,1,1,0,0,2,2,3,3,True,False,False,False
banglamath_0522,banglamath,math,,seven,short_answer,short_answer,human_reviewed_banglish_v5,minor_edit,True,১৭৬ বর্গমিটার,jomir bhitore 2 mitar chowra rasta thakle rastabade jomir khetrofol koto Return only the final answer.,102,16,2,0,95,127,1,0,0,True,False,False,False,False,True,all_wrong,False,False,False,False,all_wrong,False,False,False,False,all_wrong,False,False,False,False,3,0,0,3,0,0,0,0,0,False,False,False,False
benqa_12th-Math-II_0234,benqa,math-ii,Math-II,12th,mcq,choice,auto_romanized_unverified_v4,unreviewed,False,A,jodi x^{2} - 4x + 3 = 0 somikoroner mulodboy \alpha ebong \beta hoy tobe \frac{1}{\alpha} + frac{1}{\beta} er man- A. \frac{4}{...,207,36,6,4,198,218,14,35,12,True,True,True,False,False,False,all_correct,True,True,True,False,bangla_english_correct_banglish_wrong,True,False,True,True,all_wrong,False,False,False,False,3,1,1,1,0,2,1,2,2,True,False,True,True
benqa_10th-Math_0271,benqa,math,Math,10th,mcq,choice,human_reviewed_banglish_v5,minor_edit,True,D,sthulokoni tribhujer sthulokon chhara baki kon duti koto hole tribhuj ongkon sombhob? A. 30\degree o 60\degree B. 40\degree o 5...,217,36,6,4,206,242,16,8,0,True,True,True,False,False,True,all_wrong,False,False,False,False,english_only_correct,False,False,True,True,bangla_english_correct_banglish_wrong,True,False,True,True,3,2,1,1,0,1,0,2,2,True,False,True,True
benqa_10th-Physics_0045,benqa,physics,Physics,10th,mcq,choice,human_reviewed_banglish_v5,minor_edit,True,A,kon nirdisht bhorer kono bostur beg dwigun korle gotishokti koto gun hobe? A. charogun B. dwigun C. ordhek D. soman Answer with...,147,28,6,4,139,171,0,0,0,False,False,False,False,False,True,english_only_correct,False,False,True,True,all_correct,True,True,True,False,all_correct,True,True,True,False,3,1,0,0,0,2,2,3,3,True,False,False,False
benqa_8th-Science_0086,benqa,science,Science,8th,mcq,choice,auto_romanized_unverified_v4,unreviewed,False,A,"konotir projonon ofoseter madhyome hoy? A. topapana B. pudina C. pinyaj D. peyara Answer with only A, B, C, or D.",113,21,6,4,107,121,0,0,0,False,False,False,False,False,False,all_wrong,False,False,False,False,all_correct,True,True,True,False,english_only_correct,False,False,True,True,3,1,0,1,0,1,1,2,2,True,False,False,False
benqa_10th-Math-II_0139,benqa,math-ii,Math-II,10th,mcq,choice,human_reviewed_banglish_v5,minor_edit,True,A,"\frac{1}{2},\frac{1}{10},\frac{1}{30}, ..... onukromtir 10 tom pod koto? A. \frac{1}{1010} B. \frac{1}{1100} C. \frac{1}{11000}...",178,23,6,4,174,191,32,35,7,True,True,True,False,False,True,all_wrong,False,False,False,False,all_wrong,False,False,False,False,all_wrong,False,False,False,False,3,0,0,3,0,0,0,0,0,False,False,False,False
benqa_12th-Biology-II_0325,benqa,biology-ii,Biology-II,12th,mcq,choice,auto_romanized_unverified_v4,unreviewed,False,A,rui machher shreni pakhonay rokt poribohon kore nicher kon dhomoni? A. iliyak B. pyarail C. siliyako-mesentarik D. saboklabhiya...,160,26,6,4,149,159,0,0,1,False,False,True,False,False,False,english_only_correct,False,False,True,True,english_only_correct,False,False,True,True,english_only_correct,False,False,True,True,3,3,0,0,0,0,0,3,3,True,True,False,False
benqa_12th-Physics-I_0289,benqa,physics-i,Physics-I,12th,mcq,choice,human_reviewed_banglish_v5,minor_edit,True,D,30^{\circ}C tapomatray ekti gyasoke sthirochape uttopt kore ayoton tinogun kora holo. gyasotir churant tapomatra koto? A. 90^{\...,213,31,6,4,204,223,13,20,0,True,True,True,False,False,True,all_wrong,False,False,False,False,banglish_only_correct,False,True,False,False,all_correct,True,True,True,False,3,0,0,1,1,1,2,1,2,False,False,False,True
banglamath_0541,banglamath,math,,seven,short_answer,short_answer,human_reviewed_banglish_v5,major_edit,True,৪৪৪ বর্গমিটার,ekti ayotokar baganer doirgho 50 mi o prostho 30 mi. er bhitore 3 mitar chowra rasta thakle rastar khetrofol koto Return only t...,143,25,2,0,136,129,5,0,0,True,False,False,False,False,True,all_wrong,False,False,False,False,all_wrong,False,False,False,False,all_wrong,False,False,False,False,3,0,0,3,0,0,0,0,0,False,False,False,False
benqa_8th-Math_0190,benqa,math,Math,8th,mcq,choice,human_reviewed_banglish_v5,major_edit,True,B,ekti ayotokar parker doirgho 40 mitar ebong prostho 30 mitar. parkotir baire charodike 2.5 mitar bistrit ekti rasta ache. rasta...,249,42,6,4,239,231,19,0,0,True,False,False,False,False,True,all_correct,True,True,True,False,all_correct,True,True,True,False,all_wrong,False,False,False,False,3,0,0,1,0,2,2,2,2,False,False,True,True
benqa_12th-Biology-I_0042,benqa,biology-i,Biology-I,12th,mcq,choice,human_reviewed_banglish_v5,minor_edit,True,D,saikaser prodhan mul nosht hooyar fole- i. osthanik mul srishti hoy ii. Anabaena dwara akrant hoy iii. er akriti samudrik proba...,240,51,6,4,231,246,0,0,1,False,False,True,True,False,True,bangla_banglish_correct_english_wrong,True,True,False,False,banglish_only_correct,False,True,False,False,bangla_banglish_correct_english_wrong,True,True,False,False,3,0,0,0,1,2,3,0,3,False,False,True,True
banglamath_0557,banglamath,math,,seven,short_answer,short_answer,human_reviewed_banglish_v5,minor_edit,True,৯৩০ টাকা,ekti baganer porisima 120 mitar hole charodike bera dite koto khoroch hobe jodi proti mitare khoroch 31/4 taka hoy Return only...,144,24,2,0,127,141,6,0,1,True,False,True,False,False,True,all_wrong,False,False,False,False,bangla_only_correct,True,False,False,True,all_wrong,False,False,False,False,3,1,0,2,0,1,0,0,1,True,False,False,False
benqa_12th-Biology-I_0218,benqa,biology-i,Biology-I,12th,mcq,choice,auto_romanized_unverified_v4,unreviewed,False,B,"gomer boigganik nam ki? A. Oryza sativa B. Triticum aestivum C. Zea mays D. Bambusa tulda Answer with only A, B, C, or D.",121,24,6,4,120,131,0,0,0,False,False,False,False,False,False,english_only_correct,False,False,True,True,english_only_correct,False,False,True,True,english_only_correct,False,False,True,True,3,3,0,0,0,0,0,3,3,True,True,False,False
benqa_12th-Math-I_0342,benqa,math-i,Math-I,12th,mcq,choice,auto_romanized_unverified_v4,unreviewed,False,C,"f(x) = x^{2} - x fangshonotir kon bindute ongkit sporshok x-oksher somantoral? A. \left ( \frac{-1}{2}, \frac{-1}{4} \right ) B...",294,48,6,4,288,304,17,51,15,True,True,True,False,False,False,all_wrong,False,False,False,False,bangla_only_correct,True,False,False,True,all_wrong,False,False,False,False,3,1,0,2,0,1,0,0,1,True,False,True,True
banglamath_0236,banglamath,math,,six,short_answer,short_answer,human_reviewed_banglish_v5,minor_edit,True,১২ টাকা,10ti bolopener dam 60 taka hole 2ti bolopener dam koto Return only the final answer.,84,15,2,0,77,82,5,0,0,True,False,False,False,False,True,all_wrong,False,False,False,False,english_only_correct,False,False,True,True,all_wrong,False,False,False,False,3,1,0,2,0,0,0,1,1,True,False,False,False
benqa_12th-Biology-II_0122,benqa,biology-ii,Biology-II,12th,mcq,choice,human_reviewed_banglish_v5,minor_edit,True,A,"hritopinder olinder dayastoler somoyokal koto sekend? A. 0.7 B. 0.5 C. 0.3 D. 0.1 Answer with only A, B, C, or D.",113,22,6,4,110,131,8,0,0,True,False,False,False,False,True,bangla_only_correct,True,False,False,True,bangla_banglish_correct_english_wrong,True,True,False,False,all_wrong,False,False,False,False,3,1,0,1,0,2,1,0,2,True,False,False,False
banglamath_0189,banglamath,math,,six,short_answer,short_answer,human_reviewed_banglish_v5,minor_edit,True,৬ জন পুরুষ,ekti kaj 2 jon purush othoba 3 jon balok somponn korte pare. 9 jon balok kotojon purusher soman kaj korte parbe Return only the...,141,26,2,0,126,112,3,0,0,True,False,False,False,False,True,all_wrong,False,False,False,False,all_wrong,False,False,False,False,all_wrong,False,False,False,False,3,0,0,3,0,0,0,0,0,False,False,False,False
benqa_12th-Biology-II_0119,benqa,biology-ii,Biology-II,12th,mcq,choice,auto_romanized_unverified_v4,unreviewed,False,C,"Hydra-r kon dhoroner cholonoke jonka cholon bole? A. glaidin B. somarosonting C. luping D. hanta Answer with only A, B, C, or D.",128,23,6,4,114,140,0,0,1,False,False,True,False,False,False,all_wrong,False,False,False,False,all_wrong,False,False,False,False,bangla_only_correct,True,False,False,True,3,1,0,2,0,1,0,0,1,True,False,False,False
benqa_10th-Math-II_0367,benqa,math-ii,Math-II,10th,mcq,choice,human_reviewed_banglish_v5,minor_edit,True,C,ekti niropeksh chhokka ekobar nikshep kora hole moulik songkhya asar sombhabona koto? A. \frac{1}{6} B. \frac{1}{3} C. \frac{1}...,177,28,6,4,164,182,8,20,4,True,True,True,False,False,True,bangla_only_correct,True,False,False,True,all_wrong,False,False,False,False,banglish_english_correct_bangla_wrong,False,True,True,False,3,1,0,1,0,1,1,1,2,True,False,False,False
benqa_12th-Physics-I_0256,benqa,physics-i,Physics-I,12th,mcq,choice,auto_romanized_unverified_v4,unreviewed,False,C,somoyer sapekshe ontokolon kore sorol chhondit goti-somponn bostur ontorok somikoron theke ki paoya jay? A. kompangk B. poryayo...,179,30,6,4,162,211,0,0,1,False,False,True,False,False,False,all_wrong,False,False,False,False,bangla_english_correct_banglish_wrong,True,False,True,True,all_wrong,False,False,False,False,3,1,1,2,0,1,0,1,1,True,False,False,False
benqa_12th-Physics-I_0253,benqa,physics-i,Physics-I,12th,mcq,choice,human_reviewed_banglish_v5,minor_edit,True,A,mohakorsh sutr byobohar kore je somost kaj kora sombhob- i. prakritik gyas uttolon ii. bibhinn khonij podarth uttolon iii. bhu-...,263,51,6,4,244,282,0,0,2,False,False,True,True,False,True,all_wrong,False,False,False,False,all_wrong,False,False,False,False,all_wrong,False,False,False,False,3,0,0,3,0,0,0,0,0,False,False,True,True
benqa_10th-Chemistry_0191,benqa,chemistry,Chemistry,10th,mcq,choice,human_reviewed_banglish_v5,minor_edit,True,A,CH_{3}-CH_{2}-C \equiv CH + Cl_{2} \rightarrow A A + Cl_{2} \rightarrow B uddipoke A jougoti- i. songjojon bikriya dey ii. plas...,281,57,6,4,271,302,4,15,5,True,True,True,True,True,True,all_wrong,False,False,False,False,all_wrong,False,False,False,False,all_wrong,False,False,False,False,3,0,0,3,0,0,0,0,0,False,False,True,True
benqa_12th-Chemistry-I_0174,benqa,chemistry-i,Chemistry-I,12th,mcq,choice,human_reviewed_banglish_v5,minor_edit,True,A,bhinegar- i. khadder byakoteriya dhbongs kora ii. khabarer ruchi briddhi kore iii. rokt sonchalon komay nicher konti sothik? A....,204,43,6,4,190,184,0,0,1,False,False,True,True,False,True,english_only_correct,False,False,True,True,bangla_english_correct_banglish_wrong,True,False,True,True,bangla_english_correct_banglish_wrong,True,False,True,True,3,3,2,0,0,2,0,3,3,True,True,True,True
benqa_10th-Biology_0339,benqa,biology,Biology,10th,mcq,choice,auto_romanized_unverified_v4,unreviewed,False,D,"nicher kon udbhide salokosongshleshon har beshi? A. bot gachh B. kanthal C. peyara D. kochuripana Answer with only A, B, C, or D.",129,23,6,4,116,154,0,0,0,False,False,False,False,False,False,english_only_correct,False,False,True,True,english_only_correct,False,False,True,True,all_correct,True,True,True,False,3,2,0,0,0,1,1,3,3,True,False,False,False
benqa_10th-Math-II_0062,benqa,math-ii,Math-II,10th,mcq,choice,human_reviewed_banglish_v5,minor_edit,True,C,"M(3, 3), N(6, 6) ebong R(12, 3t) tinoti bindu. M o N bindu dwara songjogokari rekhar somikoron nicher konti? A. x - 3y - 12 = 0...",215,59,6,4,207,229,22,0,12,True,False,True,False,False,True,bangla_banglish_correct_english_wrong,True,True,False,False,all_wrong,False,False,False,False,all_wrong,False,False,False,False,3,0,0,2,0,1,1,0,1,False,False,True,True
benqa_12th-Chemistry-I_0260,benqa,chemistry-i,Chemistry-I,12th,mcq,choice,human_reviewed_banglish_v5,minor_edit,True,D,"bhinegare koto shotangsh pani bidyoman? A. 6% B. 15% C. 70% D. 90% Answer with only A, B, C, or D.",98,21,6,4,91,103,7,0,0,True,False,False,False,False,True,english_only_correct,False,False,True,True,bangla_english_correct_banglish_wrong,True,False,True,True,all_correct,True,True,True,False,3,2,1,0,0,2,1,3,3,True,False,False,False
benqa_12th-Biology-I_0077,benqa,biology-i,Biology-I,12th,mcq,choice,auto_romanized_unverified_v4,unreviewed,False,C,"nicher kon dhape kromatidogulo merumukhi cholote shuru kore? A. profej B. metafej C. anafej D. telofej Answer with only A, B, C...",134,24,6,4,130,147,0,0,0,False,False,False,False,False,False,english_only_correct,False,False,True,True,bangla_english_correct_banglish_wrong,True,False,True,True,all_correct,True,True,True,False,3,2,1,0,0,2,1,3,3,True,False,False,False
benqa_10th-Physics_0084,benqa,physics,Physics,10th,mcq,choice,auto_romanized_unverified_v4,unreviewed,False,D,sthir obosthan theke somotborone bostur jekono somoyer beg bostur otikrant durotter- A. somanupatik B. borger somanupatik C. bo...,203,30,6,4,195,254,0,0,1,False,False,True,False,False,False,bangla_only_correct,True,False,False,True,all_wrong,False,False,False,False,english_only_correct,False,False,True,True,3,2,0,1,0,1,0,1,2,True,False,False,True
benqa_12th-Physics-II_0267,benqa,physics-ii,Physics-II,12th,mcq,choice,human_reviewed_banglish_v5,minor_edit,True,B,apekshikotar totto onusare- i. t = \frac{t_{0}}{\sqrt{1 - \frac{v^{2}}{c^{2}}}} ii. L = \frac{L_{0}}{\sqrt{1 - \frac{v^{2}}{c^{...,287,49,6,4,284,307,12,66,16,True,True,True,True,False,True,all_wrong,False,False,False,False,all_wrong,False,False,False,False,all_wrong,False,False,False,False,3,0,0,3,0,0,0,0,0,False,False,True,True
banglamath_1693,banglamath,math,,Eight,short_answer,short_answer,human_reviewed_banglish_v5,major_edit,True,24,dui ongker ekti songkhyar tin bhager ek bhag o char bhager ek bhager jogfol 14. songkhyati koto? hisabti koro. Return only the...,140,24,2,0,125,114,2,0,0,True,False,False,False,False,True,all_wrong,False,False,False,False,all_wrong,False,False,False,False,all_wrong,False,False,False,False,3,0,0,3,0,0,0,0,0,False,False,False,False
banglamath_0227,banglamath,math,,six,short_answer,short_answer,human_reviewed_banglish_v5,minor_edit,True,৭.৫ কিমি,dui bondhur bari theke skuler durotter onupat 2:3 ebong prothom bondhur durotto 5 kimi hole dwitiy bondhur durotto koto Return...,149,24,2,0,138,163,3,0,0,True,False,False,False,False,True,all_wrong,False,False,False,False,all_wrong,False,False,False,False,all_wrong,False,False,False,False,3,0,0,3,0,0,0,0,0,False,False,False,False
benqa_12th-Chemistry-II_0354,benqa,chemistry-ii,Chemistry-II,12th,mcq,choice,auto_romanized_unverified_v4,unreviewed,False,B,sthir tapomatray nirdisht bhorer gyaser ayoton bonam chaper lekhochitroti kon dhoroner? A. porabrittakar B. odhibrittakar C. br...,183,27,6,4,166,187,0,0,0,False,False,False,False,False,False,bangla_english_correct_banglish_wrong,True,False,True,True,english_only_correct,False,False,True,True,english_only_correct,False,False,True,True,3,3,1,0,0,1,0,3,3,True,True,False,False
banglamath_0532,banglamath,math,,seven,short_answer,short_answer,auto_romanized_unverified_v4,unreviewed,False,১ মেট্রিক টন ৭৫০ কেজি,16 ekor jomite 28 metrik ton dhan hole proti ekor jomite ki poriman dhan fole Return only the final answer.,107,20,2,0,98,105,4,0,0,True,False,False,False,False,False,all_wrong,False,False,False,False,all_wrong,False,False,False,False,all_wrong,False,False,False,False,3,0,0,3,0,0,0,0,0,False,False,False,False
benqa_10th-Biology_0277,benqa,biology,Biology,10th,mcq,choice,human_reviewed_banglish_v5,minor_edit,True,C,motin tamak patay ek dhoroner mojaik rog dekhote pel. ullikhit roger bhairaser bongshogotiy bostute bondhon bidyoman- i. A = T...,248,56,6,4,231,271,0,0,4,False,False,True,True,False,True,all_wrong,False,False,False,False,all_wrong,False,False,False,False,all_wrong,False,False,False,False,3,0,0,3,0,0,0,0,0,False,False,True,True
banglamath_0184,banglamath,math,,six,short_answer,short_answer,human_reviewed_banglish_v5,minor_edit,True,১২০০০ টাকা,9000 taka biniyoge protidin 450 taka labh hole 600 taka labh korte koto biniyog korte hobe Return only the final answer.,120,21,2,0,112,145,10,0,0,True,False,False,False,False,True,all_wrong,False,False,False,False,english_only_correct,False,False,True,True,all_wrong,False,False,False,False,3,1,0,2,0,0,0,1,1,True,False,False,False
benqa_10th-Math_0324,benqa,math,Math,10th,mcq,choice,human_reviewed_banglish_v5,minor_edit,True,A,a = \sqrt{3} ebong b = \sqrt{12} hole nicher konti omulod songkhya? A. a + b B. ab C. \frac{a}{b} D. \frac{b}{a} Answer with on...,144,30,6,4,137,143,3,16,7,True,True,True,False,False,True,english_only_correct,False,False,True,True,bangla_english_correct_banglish_wrong,True,False,True,True,all_wrong,False,False,False,False,3,2,1,1,0,1,0,2,2,True,False,False,False
benqa_10th-Chemistry_0388,benqa,chemistry,Chemistry,10th,mcq,choice,human_reviewed_banglish_v5,minor_edit,True,D,skyandiyamer sorboshesh shoktistorer sothik ilekotron binyas konti? A. 3s^{2}3p^{6}3d^{5}4s^{1} B. 3s^{2}3p^{6}3d^{3}4s^{2} C....,211,23,6,4,208,224,32,48,0,True,True,True,False,False,True,all_wrong,False,False,False,False,all_wrong,False,False,False,False,all_correct,True,True,True,False,3,0,0,2,0,1,1,1,1,False,False,False,True
banglamath_0542,banglamath,math,,seven,short_answer,short_answer,human_reviewed_banglish_v5,minor_edit,True,৩৪০০ টাকা,rastabade baganer porisimay bera dite proti mitare 25 taka hisebe mot koto khoroch hobe jodi rastabade baganer doirgho 44 mi o...,174,30,2,0,165,138,6,0,0,True,False,False,False,False,True,all_wrong,False,False,False,False,all_wrong,False,False,False,False,all_wrong,False,False,False,False,3,0,0,3,0,0,0,0,0,False,False,False,False
benqa_12th-Physics-II_0292,benqa,physics-ii,Physics-II,12th,mcq,choice,auto_romanized_unverified_v4,unreviewed,False,C,drishyoman bornalir toronggodoirghyer bistriti- A. 2000 \AA theke 3000 \AA poryont B. 3000 \AA theke 4000 \AA poryont C. 4000 \...,220,40,6,4,211,196,33,8,1,True,True,True,False,False,False,banglish_only_correct,False,True,False,False,all_correct,True,True,True,False,english_only_correct,False,False,True,True,3,1,0,0,1,1,2,2,3,True,False,True,True
benqa_12th-Chemistry-II_0294,benqa,chemistry-ii,Chemistry-II,12th,mcq,choice,human_reviewed_banglish_v5,minor_edit,True,C,benojiner karbon-karbon dwi-bondhon kon orobitaroler odhikromone srishti hoy? i. sp^{2} - sp^{2} ii. p - p iii. sp^{2} - sp^{3}...,214,43,6,4,203,226,4,12,5,True,True,True,True,False,True,banglish_only_correct,False,True,False,False,all_wrong,False,False,False,False,bangla_banglish_correct_english_wrong,True,True,False,False,3,0,0,1,1,1,2,0,2,False,False,True,True
benqa_8th-Science_0014,benqa,science,Science,8th,mcq,choice,human_reviewed_banglish_v5,minor_edit,True,D,animiya roger lokshon- i. ojon kome jaoya ii. khaoyay oniha iii. durbol laga nicher konti sothik? A. i o ii B. i o iii C. ii o...,177,41,6,4,172,181,0,0,1,False,False,True,True,False,True,bangla_banglish_correct_english_wrong,True,True,False,False,bangla_banglish_correct_english_wrong,True,True,False,False,bangla_banglish_correct_english_wrong,True,True,False,False,3,0,0,0,0,3,3,0,3,False,False,True,False
banglamath_1688,banglamath,math,,Eight,short_answer,short_answer,human_reviewed_banglish_v5,major_edit,True,"বাবুর্চী কাটে ৭০ মিনিটে ২১০টি পেঁয়াজ, সহকারী কাটে ১৯০টি পেঁয়াজ ৯৫ মিনিটে",kon ekti biyer onushthane ranna korte baburchi o tar sohokormi mot 400ti peyaj katen. baburchi proti minite ontot 3ti peyaj ebo...,351,57,2,0,334,286,7,0,0,True,False,False,False,False,True,all_wrong,False,False,False,False,all_wrong,False,False,False,False,all_wrong,False,False,False,False,3,0,0,3,0,0,0,0,0,False,False,True,True
benqa_12th-Math-I_0120,benqa,math-i,Math-I,12th,mcq,choice,human_reviewed_banglish_v5,minor_edit,True,D,"(3, -4) bindugami ebong x-oksher somantoral sorolorekhar somikoron konti? A. y - 3 = 0 B. y + 3 = 0 C. y - 4 = 0 D. y + 4 = 1 A...",157,41,6,4,148,204,10,0,10,True,False,True,False,False,True,all_wrong,False,False,False,False,all_wrong,False,False,False,False,bangla_banglish_correct_english_wrong,True,True,False,False,3,0,0,2,0,1,1,0,1,False,False,True,False
benqa_12th-Biology-I_0160,benqa,biology-i,Biology-I,12th,mcq,choice,auto_romanized_unverified_v4,unreviewed,False,B,trofojoyet \rightarrow sigonet ring \rightarrow A \rightarrow saijont \rightarrow merojoyet A dhape nicher kon podarthoti toiri...,220,33,6,4,209,232,0,4,0,False,True,True,False,False,False,all_correct,True,True,True,False,banglish_english_correct_bangla_wrong,False,True,True,False,bangla_english_correct_banglish_wrong,True,False,True,True,3,1,1,0,0,2,2,3,3,True,False,False,True
banglamath_0230,banglamath,math,,six,short_answer,short_answer,human_reviewed_banglish_v5,minor_edit,True,20%,25 taka 125 takar shotkora koto Return only the final answer.,61,11,2,0,56,66,5,0,0,True,False,False,False,False,True,bangla_english_correct_banglish_wrong,True,False,True,True,bangla_english_correct_banglish_wrong,True,False,True,True,bangla_english_correct_banglish_wrong,True,False,True,True,3,3,3,0,0,3,0,3,3,True,True,False,False
banglamath_1685,banglamath,math,,Eight,short_answer,short_answer,auto_romanized_unverified_v4,unreviewed,False,দুইজনের বয়স সমান,"2 bochhor por jiboner boyos hobe, 2 bochhor purbe jiboner boyos ja chhil tar dwigun. 3 bochhor por jiboner boyos jodi 3 bochhor...",232,40,2,0,200,181,4,0,0,True,False,False,False,False,False,all_wrong,False,False,False,False,all_wrong,False,False,False,False,all_wrong,False,False,False,False,3,0,0,3,0,0,0,0,0,False,False,True,True
banglamath_1692,banglamath,math,,Eight,short_answer,short_answer,human_reviewed_banglish_v5,minor_edit,True,"১জন পুরুষ, ৫ জন মহিলা এবং ১৪ জন শিশু","ekti jouth poribarer mot sodosy (purush, mohila o shishu) 20 jon. poribarer kortababur adesh 20 mon dhan poribarer sokol sodosy...",403,64,2,0,355,231,7,0,0,True,False,False,False,False,True,all_wrong,False,False,False,False,all_wrong,False,False,False,False,all_wrong,False,False,False,False,3,0,0,3,0,0,0,0,0,False,False,True,True
benqa_8th-Science_0153,benqa,science,Science,8th,mcq,choice,human_reviewed_banglish_v5,minor_edit,True,C,pakostholir esiditi niramoye konti upojogi? A. kyalosiyam B. esitik esid C. ojoluminiyam haidroksaid D. amoniyam haidroksaid An...,156,24,6,4,159,167,0,0,0,False,False,False,False,False,True,bangla_english_correct_banglish_wrong,True,False,True,True,all_correct,True,True,True,False,bangla_english_correct_banglish_wrong,True,False,True,True,3,2,2,0,0,3,1,3,3,True,False,False,False
banglamath_0228,banglamath,math,,six,short_answer,short_answer,auto_romanized_unverified_v4,unreviewed,False,২/৫,40% ke sadharon bhognangshe prokash korole ki hoy Return only the final answer.,79,13,2,0,70,73,2,0,0,True,False,False,False,False,False,english_only_correct,False,False,True,True,english_only_correct,False,False,True,True,all_wrong,False,False,False,False,3,2,0,1,0,0,0,2,2,True,False,False,False
benqa_12th-Physics-I_0109,benqa,physics-i,Physics-I,12th,mcq,choice,auto_romanized_unverified_v4,unreviewed,False,C,"torker opor nam ki? A. ghorshon bol B. jorotar bhramok C. ghurnon bol D. kendromukhi bol Answer with only A, B, C, or D.",120,24,6,4,109,147,0,0,0,False,False,False,False,False,False,english_only_correct,False,False,True,True,all_correct,True,True,True,False,bangla_english_correct_banglish_wrong,True,False,True,True,3,2,1,0,0,2,1,3,3,True,False,False,False
benqa_12th-Biology-I_0181,benqa,biology-i,Biology-I,12th,mcq,choice,auto_romanized_unverified_v4,unreviewed,False,C,myaleriya jibanur joun jonone sochol o lombakritir jaigoter nam ki? A. sporojoyet B. uosist C. uokinet D. jaigot Answer with on...,144,26,6,4,139,192,0,0,0,False,False,False,False,False,False,all_wrong,False,False,False,False,bangla_only_correct,True,False,False,True,all_wrong,False,False,False,False,3,1,0,2,0,1,0,0,1,True,False,False,False
benqa_12th-Biology-I_0222,benqa,biology-i,Biology-I,12th,mcq,choice,human_reviewed_banglish_v5,minor_edit,True,A,"udbhid konti mati hote ney? A. naitrojen B. haidrojen C. oksijen D. karbon Answer with only A, B, C, or D.",106,21,6,4,108,116,0,0,0,False,False,False,False,False,True,bangla_english_correct_banglish_wrong,True,False,True,True,bangla_english_correct_banglish_wrong,True,False,True,True,all_wrong,False,False,False,False,3,2,2,1,0,2,0,2,2,True,False,False,False
benqa_8th-Math_0167,benqa,math,Math,8th,mcq,choice,human_reviewed_banglish_v5,major_edit,True,C,"ekti ayotokar baganer doirgho prosther dergun. er prostho 16 mitar hole, baganer porisima koto? A. 40 mitar B. 64 mitar C. 80 m...",175,34,6,4,169,178,10,0,0,True,False,False,False,False,True,bangla_english_correct_banglish_wrong,True,False,True,True,english_only_correct,False,False,True,True,english_only_correct,False,False,True,True,3,3,1,0,0,1,0,3,3,True,True,False,False
benqa_12th-Math-I_0218,benqa,math-i,Math-I,12th,mcq,choice,human_reviewed_banglish_v5,minor_edit,True,A,jekono tribhuj ABC er khetre nicher konti sothik? A. c = acosB + bcosA B. b = csinA + asinC C. \Delta = \frac{1}{2} abcosC D. c...,198,41,6,4,197,203,6,20,11,True,True,True,False,False,True,banglish_only_correct,False,True,False,False,all_correct,True,True,True,False,bangla_english_correct_banglish_wrong,True,False,True,True,3,1,1,0,1,2,2,2,3,True,False,True,True
benqa_12th-Math-I_0088,benqa,math-i,Math-I,12th,mcq,choice,auto_romanized_unverified_v4,unreviewed,False,C,"x-er sapekshe ln ax er ontoroj- A. \frac{a}{x} B. \frac{x}{a} C. \frac{1}{x} D. \frac{1}{ax} Answer with only A, B, C, or D.",124,22,6,4,123,137,2,20,6,True,True,True,False,False,False,all_wrong,False,False,False,False,all_wrong,False,False,False,False,english_only_correct,False,False,True,True,3,1,0,2,0,0,0,1,1,True,False,False,False
benqa_12th-Math-II_0043,benqa,math-ii,Math-II,12th,mcq,choice,auto_romanized_unverified_v4,unreviewed,False,D,9x^{2} - 24xy + 12y^{2} - 48x - 24y + 36 = 0 somikoronoti ki nirdesh kore? A. britt B. porabritt C. upobritt D. odhibritt Answe...,153,33,6,4,145,134,14,6,6,True,True,True,False,False,False,english_only_correct,False,False,True,True,all_wrong,False,False,False,False,all_correct,True,True,True,False,3,1,0,1,0,1,1,2,2,True,False,False,False
banglamath_0550,banglamath,math,,seven,short_answer,short_answer,human_reviewed_banglish_v5,minor_edit,True,২২৫৬.২৫ বর্গমিটার,rastasoh baganer porisima 190 mitar hole soman porisima bishisht borgakar mather khetrofol koto Return only the final answer.,125,18,2,0,117,150,3,0,0,True,False,False,False,False,True,all_wrong,False,False,False,False,all_wrong,False,False,False,False,all_wrong,False,False,False,False,3,0,0,3,0,0,0,0,0,False,False,False,False
benqa_12th-Chemistry-I_0227,benqa,chemistry-i,Chemistry-I,12th,mcq,choice,human_reviewed_banglish_v5,minor_edit,True,D,"braket sirijer khetre n_{2} er man koto? A. 2 B. 3 C. 4 D. 5 Answer with only A, B, C, or D.",92,23,6,4,93,99,5,3,0,True,True,True,False,False,True,all_wrong,False,False,False,False,all_wrong,False,False,False,False,banglish_english_correct_bangla_wrong,False,True,True,False,3,0,0,2,0,0,1,1,1,False,False,False,False
benqa_12th-Physics-II_0085,benqa,physics-ii,Physics-II,12th,mcq,choice,human_reviewed_banglish_v5,minor_edit,True,D,fotoner khetre- i. sthir bhor shuny ii. shokti h\upsilon iii. beg 3 \times 10^{8} ms^{-1} nicher konti sothik? A. i o ii B. i o...,190,43,6,4,185,200,5,8,3,True,True,True,True,False,True,bangla_banglish_correct_english_wrong,True,True,False,False,english_only_correct,False,False,True,True,all_correct,True,True,True,False,3,1,0,0,0,2,2,2,3,True,False,True,False
benqa_10th-Biology_0197,benqa,biology,Biology,10th,mcq,choice,human_reviewed_banglish_v5,minor_edit,True,D,"kosher sokol joibik kriya niyontron kore konti? A. niukloyas B. raibojom C. laisojom D. maitokondriya Answer with only A, B, C,...",133,23,6,4,130,139,0,0,0,False,False,False,False,False,True,bangla_only_correct,True,False,False,True,all_wrong,False,False,False,False,banglish_only_correct,False,True,False,False,3,1,0,1,1,1,1,0,2,True,False,False,False
benqa_12th-Physics-II_0037,benqa,physics-ii,Physics-II,12th,mcq,choice,human_reviewed_banglish_v5,minor_edit,True,B,"enotropir ekok nicher konti? A. NK^{-1} B. JK^{-1} C. JK^{-1} mol^{-1} D. ekokohin rashi Answer with only A, B, C, or D.",120,22,6,4,114,128,4,12,4,True,True,True,False,False,True,english_only_correct,False,False,True,True,banglish_only_correct,False,True,False,False,all_wrong,False,False,False,False,3,1,0,1,1,0,1,1,2,True,False,False,False
banglamath_0533,banglamath,math,,seven,short_answer,short_answer,auto_romanized_unverified_v4,unreviewed,False,৬৬৬ মেট্রিক টন ৬৬৬ কেজি ৬৬৬ গ্রাম (প্রায়),ek mase 20000 metrik ton rod toiri hole doinik ki poriman rod toiri hoy Return only the final answer.,101,19,2,0,93,112,5,0,0,True,False,False,False,False,False,all_wrong,False,False,False,False,all_wrong,False,False,False,False,all_wrong,False,False,False,False,3,0,0,3,0,0,0,0,0,False,False,False,False
benqa_12th-Math-II_0230,benqa,math-ii,Math-II,12th,mcq,choice,human_reviewed_banglish_v5,minor_edit,True,D,5 ekok durotbe A o B bindute kriyarot 9 ebong 5 ekok maner somantoral bolodboy- i. osodrish hole lobdhir man 4 ekok ii. sodrish...,327,69,6,4,299,398,10,5,3,True,True,True,True,False,True,bangla_banglish_correct_english_wrong,True,True,False,False,banglish_only_correct,False,True,False,False,bangla_banglish_correct_english_wrong,True,True,False,False,3,0,0,0,1,2,3,0,3,False,False,True,True
benqa_12th-Physics-I_0214,benqa,physics-i,Physics-I,12th,mcq,choice,auto_romanized_unverified_v4,unreviewed,False,B,sthir ayotone 0^{\circ}C tapomatray kono gyaser chap dwigun korole er churant tapomatra hobe- A. 27^{\circ}C B. 273^{\circ}C C....,188,29,6,4,184,206,12,20,1,True,True,True,False,False,False,banglish_only_correct,False,True,False,False,banglish_only_correct,False,True,False,False,all_wrong,False,False,False,False,3,0,0,1,2,0,2,0,2,False,False,False,False
banglamath_0232,banglamath,math,,six,short_answer,short_answer,human_reviewed_banglish_v5,minor_edit,True,২০০ টাকা,ekti boi 15% komishone 170 takay bikroy korle prokrit mullo koto Return only the final answer.,94,16,2,0,86,105,5,0,0,True,False,False,False,False,True,all_wrong,False,False,False,False,english_only_correct,False,False,True,True,all_wrong,False,False,False,False,3,1,0,2,0,0,0,1,1,True,False,False,False
banglamath_0182,banglamath,math,,six,short_answer,short_answer,human_reviewed_banglish_v5,minor_edit,True,৬০০ টাকা,7 keji chaler dam 280 taka hole 15 keji chaler dam koto Return only the final answer.,85,17,2,0,80,88,6,0,0,True,False,False,False,False,True,all_wrong,False,False,False,False,bangla_only_correct,True,False,False,True,all_wrong,False,False,False,False,3,1,0,2,0,1,0,0,1,True,False,False,False
benqa_10th-Physics_0198,benqa,physics,Physics,10th,mcq,choice,auto_romanized_unverified_v4,unreviewed,False,D,"nicher kon rashigulo bhektor rashi? A. druti, kaj o beg B. torit bibhob, soron o tworon C. druti, soron o beg D. bhorobeg, soro...",167,34,6,4,151,236,0,0,0,False,False,False,False,False,False,all_wrong,False,False,False,False,english_only_correct,False,False,True,True,bangla_english_correct_banglish_wrong,True,False,True,True,3,2,1,1,0,1,0,2,2,True,False,False,False
benqa_12th-Biology-II_0049,benqa,biology-ii,Biology-II,12th,mcq,choice,auto_romanized_unverified_v4,unreviewed,False,C,"otitis midiya' kon ongger rog? A. chokh B. nak C. kan D. gola Answer with only A, B, C, or D.",93,21,6,4,90,104,0,0,0,False,False,False,False,False,False,all_wrong,False,False,False,False,bangla_only_correct,True,False,False,True,bangla_only_correct,True,False,False,True,3,2,0,1,0,2,0,0,2,True,False,False,False
benqa_10th-Chemistry_0280,benqa,chemistry,Chemistry,10th,mcq,choice,human_reviewed_banglish_v5,minor_edit,True,A,"konti prothom byobohrit dhatu? A. Au B. Ag C. Sn D. Cu Answer with only A, B, C, or D.",86,20,6,4,81,83,0,0,0,False,False,False,False,True,True,all_wrong,False,False,False,False,all_wrong,False,False,False,False,all_wrong,False,False,False,False,3,0,0,3,0,0,0,0,0,False,False,False,False
benqa_12th-Biology-II_0128,benqa,biology-ii,Biology-II,12th,mcq,choice,human_reviewed_banglish_v5,minor_edit,True,B,shbasokendr mostishker je ongshe thake- i. ponos ii. serebelam iii. medula obolonggata nicher konti sothik? A. i o ii B. i o ii...,188,40,6,4,178,193,0,0,1,False,False,True,True,False,True,banglish_english_correct_bangla_wrong,False,True,True,False,banglish_english_correct_bangla_wrong,False,True,True,False,all_wrong,False,False,False,False,3,0,0,1,0,0,2,2,2,False,False,True,False
benqa_8th-Math_0031,benqa,math,Math,8th,mcq,choice,human_reviewed_banglish_v5,minor_edit,True,D,"ekti garir chakar poridhi 5.15 mitar hole, chakatir byas koto? A. 0.82 mitar B. 0.96 mitar C. 1.28 mitar D. 1.64 mitar Answer w...",150,30,6,4,144,181,15,0,0,True,False,False,False,False,True,english_only_correct,False,False,True,True,english_only_correct,False,False,True,True,all_correct,True,True,True,False,3,2,0,0,0,1,1,3,3,True,False,False,False
banglamath_1698,banglamath,math,,Eight,short_answer,short_answer,auto_romanized_unverified_v4,unreviewed,False,১৩ টা,daktar ek rogike sokal 6ta theke dupur 12ta poryont adh ghonta poropor 1ti tebolet khete bololen. rogir mot kototi tebolet proy...,162,26,2,0,149,141,4,0,0,True,False,False,False,False,False,all_wrong,False,False,False,False,all_wrong,False,False,False,False,all_wrong,False,False,False,False,3,0,0,3,0,0,0,0,0,False,False,False,False
benqa_12th-Chemistry-I_0328,benqa,chemistry-i,Chemistry-I,12th,mcq,choice,auto_romanized_unverified_v4,unreviewed,False,B,"Cl(17) kon bloker moul? A. s-blok B. p-blok C. d-blok D. f-blok Answer with only A, B, C, or D.",95,20,6,4,94,121,2,0,4,True,False,True,False,False,False,bangla_only_correct,True,False,False,True,all_correct,True,True,True,False,bangla_english_correct_banglish_wrong,True,False,True,True,3,2,1,0,0,3,1,2,3,True,False,False,False
banglamath_1694,banglamath,math,,Eight,short_answer,short_answer,human_reviewed_banglish_v5,minor_edit,True,১ মিনিট,"ekti 500 mitar lomba trener goti 60 kilomitar hole ,ordhokilomitar lomba ekti setu pari dite trenotir kotokshon somoy lagbe? Re...",154,24,2,0,149,128,5,0,0,True,False,False,False,False,True,all_wrong,False,False,False,False,all_wrong,False,False,False,False,all_wrong,False,False,False,False,3,0,0,3,0,0,0,0,0,False,False,False,False
benqa_12th-Physics-II_0046,benqa,physics-ii,Physics-II,12th,mcq,choice,human_reviewed_banglish_v5,minor_edit,True,C,ruddhotapiy poribortoner khetre- i. hothat songghotit hoy ii. tapomatra sthir thake iii. enotropir poriborton shuny nicher kont...,216,43,6,4,201,216,0,0,1,False,False,True,True,False,True,bangla_english_correct_banglish_wrong,True,False,True,True,all_wrong,False,False,False,False,english_only_correct,False,False,True,True,3,2,1,1,0,1,0,2,2,True,False,True,True
benqa_12th-Math-I_0186,benqa,math-i,Math-I,12th,mcq,choice,human_reviewed_banglish_v5,minor_edit,True,A,"(-2, 3) bindute kendr ebong y-okshoke sporsh kore erup britter somikoron konti? A. x^{2} + y^{2} + 4x - 6y + 9 = 0 B. x^{2} + y...",251,68,6,4,247,262,26,24,22,True,True,True,False,False,True,all_wrong,False,False,False,False,banglish_english_correct_bangla_wrong,False,True,True,False,all_wrong,False,False,False,False,3,0,0,2,0,0,1,1,1,False,False,True,True
banglamath_0553,banglamath,math,,seven,short_answer,short_answer,human_reviewed_banglish_v5,minor_edit,True,১১২৫টি,samantoriker mejhe pathor dwara dhakote kototi pathor lagbe jodi mejher khetrofol 4500 borgogoj o pathorer khetrofol 4 borgogoj...,161,24,2,0,144,145,5,0,0,True,False,False,False,False,True,all_wrong,False,False,False,False,all_wrong,False,False,False,False,all_wrong,False,False,False,False,3,0,0,3,0,0,0,0,0,False,False,False,False
benqa_8th-Science_0127,benqa,science,Science,8th,mcq,choice,human_reviewed_banglish_v5,minor_edit,True,B,"kon groher sobocheye beshi upogroh ache? A. shoni B. brihospoti C. iurenas D. nepochun Answer with only A, B, C, or D.",118,22,6,4,106,110,0,0,0,False,False,False,False,False,True,all_wrong,False,False,False,False,banglish_english_correct_bangla_wrong,False,True,True,False,bangla_english_correct_banglish_wrong,True,False,True,True,3,1,1,1,0,1,1,2,2,True,False,False,False
banglamath_0226,banglamath,math,,six,short_answer,short_answer,human_reviewed_banglish_v5,minor_edit,True,২৫০ টাকা,550 takake 5:6 onupate bhag korle prothom ongsh koto hobe Return only the final answer.,87,15,2,0,78,92,5,0,0,True,False,False,False,False,True,all_wrong,False,False,False,False,all_wrong,False,False,False,False,all_wrong,False,False,False,False,3,0,0,3,0,0,0,0,0,False,False,False,False
benqa_8th-Math_0085,benqa,math,Math,8th,mcq,choice,human_reviewed_banglish_v5,minor_edit,True,C,"4 kromer myajik borger konakuni jogfol koto? A. 15 B. 16 C. 34 D. 65 Answer with only A, B, C, or D.",100,23,6,4,98,111,9,0,0,True,False,False,False,False,True,english_only_correct,False,False,True,True,english_only_correct,False,False,True,True,bangla_english_correct_banglish_wrong,True,False,True,True,3,3,1,0,0,1,0,3,3,True,True,False,False
benqa_12th-Math-I_0310,benqa,math-i,Math-I,12th,mcq,choice,human_reviewed_banglish_v5,minor_edit,True,B,\frac{d}{dx}(log_{10}x) er man konti? A. \frac{1}{x} B. \frac{1}{x}log_{10}e C. \frac{1}{x}log_{e}10 D. log_{10}e Answer with o...,145,20,6,4,145,135,11,32,4,True,True,True,False,False,True,all_correct,True,True,True,False,all_correct,True,True,True,False,all_correct,True,True,True,False,3,0,0,0,0,3,3,3,3,False,False,False,False
benqa_8th-Science_0062,benqa,science,Science,8th,mcq,choice,auto_romanized_unverified_v4,unreviewed,False,D,"nicher konotike mutr toiriri karokhana hisebe obhihit kora jay? A. fusofus B. twok C. jokrit D. britt Answer with only A, B, C,...",133,25,6,4,124,140,0,0,0,False,False,False,False,False,False,english_only_correct,False,False,True,True,english_only_correct,False,False,True,True,all_correct,True,True,True,False,3,2,0,0,0,1,1,3,3,True,False,False,False
benqa_8th-Science_0098,benqa,science,Science,8th,mcq,choice,human_reviewed_banglish_v5,minor_edit,True,A,ishar basar bedorume duti tiubolait o ekti fyan pyaralale songjukt kora hoy. bedorumer bortonir sathe 10 ampiyar maner fiuj byo...,275,48,6,4,279,285,9,0,0,True,False,False,False,False,True,all_wrong,False,False,False,False,banglish_only_correct,False,True,False,False,all_wrong,False,False,False,False,3,0,0,2,1,0,1,0,1,False,False,True,True
benqa_12th-Physics-I_0008,benqa,physics-i,Physics-I,12th,mcq,choice,auto_romanized_unverified_v4,unreviewed,False,D,\vec{P} o \vec{Q} duti bhektor rashir modhyoborti kon 120^{\circ} hole tader lobdhir man- A. P + Q B. \sqrt{P^{2}+Q^{2}+PQ} C....,189,33,6,4,183,203,7,28,9,True,True,True,False,False,False,all_correct,True,True,True,False,all_wrong,False,False,False,False,all_correct,True,True,True,False,3,0,0,1,0,2,2,2,2,False,False,False,False
benqa_12th-Physics-I_0106,benqa,physics-i,Physics-I,12th,mcq,choice,human_reviewed_banglish_v5,minor_edit,True,D,"nicher konti shuny doshar somotuly? A. \pi/2 B. \pi C. 3\pi/2 D. 2\pi Answer with only A, B, C, or D.",101,21,6,4,97,121,4,4,2,True,True,True,False,False,True,banglish_english_correct_bangla_wrong,False,True,True,False,english_only_correct,False,False,True,True,all_correct,True,True,True,False,3,1,0,0,0,1,2,3,3,True,False,False,False
benqa_12th-Physics-II_0219,benqa,physics-ii,Physics-II,12th,mcq,choice,auto_romanized_unverified_v4,unreviewed,False,D,"purn torongg rekotifayarer sorbochch kototi dayod proyojon? A. 1 B. 2 C. 3 D. 4 Answer with only A, B, C, or D.",111,23,6,4,105,109,4,0,0,True,False,False,False,False,False,all_wrong,False,False,False,False,all_wrong,False,False,False,False,all_correct,True,True,True,False,3,0,0,2,0,1,1,1,1,False,False,False,False
benqa_10th-Biology_0143,benqa,biology,Biology,10th,mcq,choice,auto_romanized_unverified_v4,unreviewed,False,C,akosmik kidoni okejo hote pare kon karone? A. dayabetis B. nefraitis C. maratmok dayoriya D. uchch roktochap Answer with only A...,140,25,6,4,134,157,0,0,0,False,False,False,False,False,False,all_wrong,False,False,False,False,bangla_banglish_correct_english_wrong,True,True,False,False,banglish_only_correct,False,True,False,False,3,0,0,1,1,1,2,0,2,False,False,False,False
benqa_12th-Chemistry-II_0067,benqa,chemistry-ii,Chemistry-II,12th,mcq,choice,human_reviewed_banglish_v5,minor_edit,True,C,32g O_{2} er orth holo- i. 1 mole O_{2} ii. proman obosthay 24.8L ayoton iii. adogedror songkhyar soman onu nicher konti sothik...,201,45,6,4,195,201,8,6,1,True,True,True,True,False,True,all_wrong,False,False,False,False,bangla_english_correct_banglish_wrong,True,False,True,True,all_wrong,False,False,False,False,3,1,1,2,0,1,0,1,1,True,False,True,True
benqa_12th-Chemistry-I_0037,benqa,chemistry-i,Chemistry-I,12th,mcq,choice,human_reviewed_banglish_v5,minor_edit,True,C,"dhatur golonangk briddhi pay, jokhon- i. dhatob kelase mukt ilekotron beshi thake ii. ayonikoron bibhob hras pay iii. poromanur...",244,50,6,4,224,240,0,0,1,False,False,True,True,False,True,bangla_only_correct,True,False,False,True,english_only_correct,False,False,True,True,bangla_english_correct_banglish_wrong,True,False,True,True,3,3,1,0,0,2,0,2,3,True,True,True,True
banglamath_0519,banglamath,math,,seven,short_answer,short_answer,human_reviewed_banglish_v5,major_edit,True,৭৫০০ বর্গমিটার,ekti ayotokar baganer doirgho 150 mitar o prostho 50 mitar hole khetrofol koto Return only the final answer.,108,18,2,0,103,123,5,0,0,True,False,False,False,False,True,all_wrong,False,False,False,False,all_wrong,False,False,False,False,all_wrong,False,False,False,False,3,0,0,3,0,0,0,0,0,False,False,False,False
banglamath_0540,banglamath,math,,seven,short_answer,short_answer,human_reviewed_banglish_v5,major_edit,True,২১ মিটার,ekti ghorer doirgho prosther tinogun ebong khetrofol 147 borgomitar hole ghortir doirgho koto Return only the final answer.,123,18,2,0,112,125,3,0,0,True,False,False,False,False,True,all_wrong,False,False,False,False,all_wrong,False,False,False,False,all_wrong,False,False,False,False,3,0,0,3,0,0,0,0,0,False,False,False,False
banglamath_0237,banglamath,math,,six,short_answer,short_answer,human_reviewed_banglish_v5,minor_edit,True,৬৪ টাকা,1 dojon dimer dam 48 taka hole 16ti dimer dam koto Return only the final answer.,80,16,2,0,75,88,5,0,0,True,False,False,False,False,True,all_wrong,False,False,False,False,all_wrong,False,False,False,False,all_wrong,False,False,False,False,3,0,0,3,0,0,0,0,0,False,False,False,False
benqa_10th-Math-II_0347,benqa,math-ii,Math-II,10th,mcq,choice,human_reviewed_banglish_v5,minor_edit,True,D,cos\left ( - \frac{35\pi}{6} \right ) er man koto? A. - \frac{\sqrt{3}}{2} B. - \frac{1}{2} C. \frac{1}{2} D. \frac{\sqrt{3}}{2...,160,27,6,4,158,169,11,34,10,True,True,True,False,False,True,all_wrong,False,False,False,False,all_wrong,False,False,False,False,all_correct,True,True,True,False,3,0,0,2,0,1,1,1,1,False,False,False,False
benqa_12th-Math-II_0214,benqa,math-ii,Math-II,12th,mcq,choice,auto_romanized_unverified_v4,unreviewed,False,C,tan^{-1}\ \frac{1}{\sqrt{3}} + tan^{-1}x = \frac{\pi}{2} hole x = ? A. \frac{1}{\sqrt{3}} B. - \frac{1}{\sqrt{3}} C. \sqrt{3} D...,171,28,6,4,170,174,11,43,16,True,True,True,False,False,False,bangla_banglish_correct_english_wrong,True,True,False,False,all_wrong,False,False,False,False,all_correct,True,True,True,False,3,0,0,1,0,2,2,1,2,False,False,False,False
banglamath_0181,banglamath,math,,six,short_answer,short_answer,human_reviewed_banglish_v5,minor_edit,True,সময় কমে যায়,kajer poriman oporibortit thakle lok songkhya barale somoy ki hoy Return only the final answer.,95,15,2,0,87,126,0,0,0,False,False,False,False,False,True,all_wrong,False,False,False,False,all_wrong,False,False,False,False,all_wrong,False,False,False,False,3,0,0,3,0,0,0,0,0,False,False,False,False
banglamath_0183,banglamath,math,,six,short_answer,short_answer,human_reviewed_banglish_v5,minor_edit,True,৩০ দিন,ekti chhatrabase 50 joner 15 diner khaddo mojud ache. oi khadde 25 joner koto din cholbe Return only the final answer.,118,21,2,0,107,116,6,0,0,True,False,False,False,False,True,all_wrong,False,False,False,False,all_wrong,False,False,False,False,all_wrong,False,False,False,False,3,0,0,3,0,0,0,0,0,False,False,False,False
benqa_10th-Biology_0215,benqa,biology,Biology,10th,mcq,choice,human_reviewed_banglish_v5,minor_edit,True,B,C_{6}H_{12}O_{6}\xarrowright{enojaim}C_{3}H_{4}O_{3} uddipoker prokriyati- i. sobat o obat shbosoner prothom dhap ii. kosher ma...,285,50,6,4,271,337,7,21,1,True,True,True,True,False,True,english_only_correct,False,False,True,True,english_only_correct,False,False,True,True,all_wrong,False,False,False,False,3,2,0,1,0,0,0,2,2,True,False,True,True
benqa_10th-Chemistry_0336,benqa,chemistry,Chemistry,10th,mcq,choice,human_reviewed_banglish_v5,minor_edit,True,D,A \rightarrow CaCO_{3}(s) \xrightarrow{\Delta} CaO(s) + X(g) B \rightarrow 250 mL 0.2 molar NaCl drobon A-er 'X' gyasoti- i. CO...,271,54,6,4,265,279,7,12,4,True,True,True,True,False,True,all_correct,True,True,True,False,all_wrong,False,False,False,False,bangla_banglish_correct_english_wrong,True,True,False,False,3,0,0,1,0,2,2,1,2,False,False,True,True
banglamath_0185,banglamath,math,,six,short_answer,short_answer,human_reviewed_banglish_v5,minor_edit,True,২০০ কেজি,120 keji chale 10 jon loker 27 din chole. 45 din cholote koto keji chal proyojon hobe Return only the final answer.,115,22,2,0,103,114,9,0,0,True,False,False,False,False,True,bangla_only_correct,True,False,False,True,all_wrong,False,False,False,False,all_wrong,False,False,False,False,3,1,0,2,0,1,0,0,1,True,False,False,False
banglamath_1690,banglamath,math,,Eight,short_answer,short_answer,auto_romanized_unverified_v4,unreviewed,False,"সেন্টুর ছিল ১০টি, মিন্টুর ছিল ১৪টি খেলনা গাড়ি","khelona gari niye khelar somoy mintu dekholo , sentur garir songkhya tar cheye beshi ebong sentu ke bololo, tumi amake duita ga...",341,59,2,0,328,249,1,0,0,True,False,False,False,False,False,all_wrong,False,False,False,False,all_wrong,False,False,False,False,all_wrong,False,False,False,False,3,0,0,3,0,0,0,0,0,False,False,True,True
benqa_10th-Chemistry_0041,benqa,chemistry,Chemistry,10th,mcq,choice,human_reviewed_banglish_v5,minor_edit,True,D,nicher kon tothyoti sothik? A. C_{2}H_{4} opeksha C_{2}H{6} odhik sokriy B. CH_{4} ksharoker sathe bikriya kore C. ithanol ekti...,208,33,6,4,197,223,5,14,1,True,True,True,False,False,True,banglish_english_correct_bangla_wrong,False,True,True,False,english_only_correct,False,False,True,True,english_only_correct,False,False,True,True,3,2,0,0,0,0,1,3,3,True,False,False,True
banglamath_1687,banglamath,math,,Eight,short_answer,short_answer,human_reviewed_banglish_v5,minor_edit,True,"কাঠালের ওজন ৩ কিলোগ্রাম , তরমুজের ওজন ৪ কিলোগ্রাম",4ti kanthal ebong 5ti toromujer ojoner somoshti 32kilogram. 5ti kathal ebong 4ti toromujer ojoner somoshti 31 kilogram. uporer...,247,40,2,0,215,261,10,0,0,True,False,False,False,False,True,all_wrong,False,False,False,False,all_wrong,False,False,False,False,all_wrong,False,False,False,False,3,0,0,3,0,0,0,0,0,False,False,True,True
benqa_10th-Physics_0021,benqa,physics,Physics,10th,mcq,choice,human_reviewed_banglish_v5,minor_edit,True,C,"konti moulik ekok? A. jul B. niuton C. kyandela D. pyasokel Answer with only A, B, C, or D.",91,19,6,4,90,102,0,0,0,False,False,False,False,False,True,bangla_english_correct_banglish_wrong,True,False,True,True,bangla_english_correct_banglish_wrong,True,False,True,True,bangla_english_correct_banglish_wrong,True,False,True,True,3,3,3,0,0,3,0,3,3,True,True,False,False
benqa_10th-Math_0032,benqa,math,Math,10th,mcq,choice,human_reviewed_banglish_v5,minor_edit,True,B,"(\sqrt{3})^{x+2} = 27 hole x er man koto? A. 6 B. 4 C. 3 D. 2 Answer with only A, B, C, or D.",93,24,6,4,90,101,8,6,3,True,True,True,False,False,True,bangla_english_correct_banglish_wrong,True,False,True,True,bangla_banglish_correct_english_wrong,True,True,False,False,all_wrong,False,False,False,False,3,1,1,1,0,2,1,1,2,True,False,False,False
benqa_12th-Math-I_0326,benqa,math-i,Math-I,12th,mcq,choice,auto_romanized_unverified_v4,unreviewed,False,B,"tan\frac{\alpha}{2} = 7 hole 4sin\alpha - 3cos\alpha = ? A. 5 B. 4 C. 3 D. 6 Answer with only A, B, C, or D.",108,25,6,4,107,107,8,8,4,True,True,True,False,False,False,all_wrong,False,False,False,False,all_wrong,False,False,False,False,all_wrong,False,False,False,False,3,0,0,3,0,0,0,0,0,False,False,False,False
benqa_12th-Biology-I_0283,benqa,biology-i,Biology-I,12th,mcq,choice,human_reviewed_banglish_v5,minor_edit,True,A,penper ring spot roger lokshon holo- i. patar botay pani bheja sobuj dag dekha jay ii. penper mishtota hras pay iii. foler akar...,237,53,6,4,224,275,0,0,1,False,False,True,True,False,True,english_only_correct,False,False,True,True,bangla_english_correct_banglish_wrong,True,False,True,True,bangla_english_correct_banglish_wrong,True,False,True,True,3,3,2,0,0,2,0,3,3,True,True,True,True
benqa_10th-Physics_0055,benqa,physics,Physics,10th,mcq,choice,human_reviewed_banglish_v5,minor_edit,True,D,panite santar katar somoy kon badha otikrom korte hoy? A. sthiti ghorshon B. goti ghorshon C. abort ghorshon D. probahi ghorsho...,160,29,6,4,142,150,0,0,0,False,False,False,False,False,True,all_correct,True,True,True,False,english_only_correct,False,False,True,True,all_correct,True,True,True,False,3,1,0,0,0,2,2,3,3,True,False,False,False
benqa_12th-Chemistry-I_0028,benqa,chemistry-i,Chemistry-I,12th,mcq,choice,human_reviewed_banglish_v5,minor_edit,True,B,"1% NaOH droboner pH koto? A. 0.8 B. 13.4 C. 13.2 D. 1 Answer with only A, B, C, or D.",85,21,6,4,82,91,10,0,0,True,False,False,False,False,True,all_correct,True,True,True,False,bangla_english_correct_banglish_wrong,True,False,True,True,all_wrong,False,False,False,False,3,1,1,1,0,2,1,2,2,True,False,False,False
benqa_10th-Chemistry_0374,benqa,chemistry,Chemistry,10th,mcq,choice,auto_romanized_unverified_v4,unreviewed,False,B,"ithilin glaikol kon dhoroner joug? A. alodihaid B. alokohol C. alokin D. alokain Answer with only A, B, C, or D.",112,21,6,4,114,128,0,0,0,False,False,False,False,False,False,all_correct,True,True,True,False,banglish_english_correct_bangla_wrong,False,True,True,False,bangla_english_correct_banglish_wrong,True,False,True,True,3,1,1,0,0,2,2,3,3,True,False,False,False
benqa_10th-Biology_0156,benqa,biology,Biology,10th,mcq,choice,human_reviewed_banglish_v5,minor_edit,True,C,"amishe shotkora koto bhag naitrojen bidyoman A. 12 B. 14 C. 16 D. 18 Answer with only A, B, C, or D.",100,22,6,4,94,106,8,0,0,True,False,False,False,False,True,all_wrong,False,False,False,False,banglish_english_correct_bangla_wrong,False,True,True,False,bangla_english_correct_banglish_wrong,True,False,True,True,3,1,1,1,0,1,1,2,2,True,False,False,False
benqa_12th-Math-I_0383,benqa,math-i,Math-I,12th,mcq,choice,human_reviewed_banglish_v5,minor_edit,True,D,"\frac{d}{dx} (log_{5}x) = koto? A. \frac{1}{x} B. \frac{1}{x}log_{e}5 C. \frac{1}{5 lnx} D. \frac{1}{x ln5} Answer with only A,...",139,22,6,4,137,135,8,31,6,True,True,True,False,False,True,all_correct,True,True,True,False,all_correct,True,True,True,False,all_correct,True,True,True,False,3,0,0,0,0,3,3,3,3,False,False,False,False
banglamath_0538,banglamath,math,,seven,short_answer,short_answer,human_reviewed_banglish_v5,major_edit,True,৩৮৪ বর্গ মিটার,ekti ayotokar baganer doirgho 60 mitar o prostho 40 mitar. er bhitore 2 mitar chowra rasta thakle rastar khetrofol koto Return...,149,25,2,0,142,129,5,0,0,True,False,False,False,False,True,all_wrong,False,False,False,False,all_wrong,False,False,False,False,all_wrong,False,False,False,False,3,0,0,3,0,0,0,0,0,False,False,False,False
benqa_10th-Biology_0213,benqa,biology,Biology,10th,mcq,choice,auto_romanized_unverified_v4,unreviewed,False,A,laisojomer sathe nicher konotir karyogot mil royechhe? A. losika kosh B. snayu kosh C. jonon kosh D. osthi kosh Answer with onl...,143,27,6,4,130,155,0,0,0,False,False,False,False,False,False,bangla_only_correct,True,False,False,True,all_correct,True,True,True,False,bangla_only_correct,True,False,False,True,3,2,0,0,0,3,1,1,3,True,False,False,False
benqa_10th-Math-II_0326,benqa,math-ii,Math-II,10th,mcq,choice,human_reviewed_banglish_v5,minor_edit,True,C,"sin B = \sqrt{2} - cosB hole, B = koto? A. \frac{\pi}{2} B. \frac{\pi}{3} C. \frac{\pi}{4} D. \frac{\pi}{6} Answer with only A,...",139,26,6,4,136,138,5,27,8,True,True,True,False,False,True,all_correct,True,True,True,False,all_correct,True,True,True,False,banglish_only_correct,False,True,False,False,3,0,0,0,1,2,3,2,3,False,False,False,False
banglamath_0518,banglamath,math,,seven,short_answer,short_answer,human_reviewed_banglish_v5,major_edit,True,১৫০ মিটার,ekti ayotokar baganer doirgho prosther tinogun ebong porisima 400 mitar hole baganer doirgho koto Return only the final answer.,127,19,2,0,119,143,3,0,0,True,False,False,False,False,True,all_wrong,False,False,False,False,all_wrong,False,False,False,False,all_wrong,False,False,False,False,3,0,0,3,0,0,0,0,0,False,False,False,False
benqa_12th-Biology-II_0321,benqa,biology-ii,Biology-II,12th,mcq,choice,human_reviewed_banglish_v5,minor_edit,True,C,"pranijogoter dwitiy brihottom porb konti? A. Cnidaria B. Annelida C. Mollusca D. Athropoda Answer with only A, B, C, or D.",122,21,6,4,120,135,0,0,0,False,False,False,False,False,True,all_wrong,False,False,False,False,english_only_correct,False,False,True,True,all_wrong,False,False,False,False,3,1,0,2,0,0,0,1,1,True,False,False,False
benqa_12th-Biology-II_0287,benqa,biology-ii,Biology-II,12th,mcq,choice,human_reviewed_banglish_v5,minor_edit,True,B,protin poripake ongsh ney konti? i. peposin ii. amailej iii. karboksipepotaid nicher konti sothik? A. i o ii B. i o iii C. ii o...,179,39,6,4,176,179,0,0,0,False,False,False,True,False,True,banglish_english_correct_bangla_wrong,False,True,True,False,bangla_english_correct_banglish_wrong,True,False,True,True,bangla_english_correct_banglish_wrong,True,False,True,True,3,2,2,0,0,2,1,3,3,True,False,True,False
benqa_12th-Physics-I_0079,benqa,physics-i,Physics-I,12th,mcq,choice,human_reviewed_banglish_v5,minor_edit,True,C,"porom shuny tapomatra konti? A. 273^{\circ}C B. 0^{\circ}C C. -273^{\circ}C D. -373^{\circ}C Answer with only A, B, C, or D.",124,20,6,4,122,141,10,16,2,True,True,True,False,False,True,all_correct,True,True,True,False,all_correct,True,True,True,False,all_correct,True,True,True,False,3,0,0,0,0,3,3,3,3,False,False,False,False
benqa_12th-Chemistry-I_0140,benqa,chemistry-i,Chemistry-I,12th,mcq,choice,human_reviewed_banglish_v5,minor_edit,True,D,CaF_{2}-er somprikt joliy drobone floraid ayoner ghonomatra 0.00655 gL^{-1} hole CaF_{2} er drabyota gunofol koto hobe? A. 3.7\...,243,36,6,4,234,234,37,25,10,True,True,True,False,False,True,english_only_correct,False,False,True,True,all_wrong,False,False,False,False,all_correct,True,True,True,False,3,1,0,1,0,1,1,2,2,True,False,True,True
banglamath_0233,banglamath,math,,six,short_answer,short_answer,human_reviewed_banglish_v5,minor_edit,True,৭ দিন,6 jon lok ekti kaj 28 dine korle 24 jon lok koto dine korbe Return only the final answer.,89,19,2,0,83,104,5,0,0,True,False,False,False,False,True,all_wrong,False,False,False,False,all_wrong,False,False,False,False,all_wrong,False,False,False,False,3,0,0,3,0,0,0,0,0,False,False,False,False
benqa_8th-Science_0042,benqa,science,Science,8th,mcq,choice,auto_romanized_unverified_v4,unreviewed,False,B,"saban toirir mul upadan A. esid B. ksharok C. lobon D. glisarin Answer with only A, B, C, or D.",95,20,6,4,92,106,0,0,0,False,False,False,False,False,False,bangla_english_correct_banglish_wrong,True,False,True,True,english_only_correct,False,False,True,True,english_only_correct,False,False,True,True,3,3,1,0,0,1,0,3,3,True,True,False,False
benqa_12th-Chemistry-I_0303,benqa,chemistry-i,Chemistry-I,12th,mcq,choice,auto_romanized_unverified_v4,unreviewed,False,D,"nicher kon esidoti sobocheye shoktishali? A. HF B. HCI C. HBr D. HI Answer with only A, B, C, or D.",99,21,6,4,92,107,0,0,0,False,False,False,False,True,False,all_correct,True,True,True,False,all_correct,True,True,True,False,all_correct,True,True,True,False,3,0,0,0,0,3,3,3,3,False,False,False,False
banglamath_1699,banglamath,math,,Eight,short_answer,short_answer,human_reviewed_banglish_v5,minor_edit,True,132,"A - B = 10, AB = 16 hole A² + B² = koto? Return only the final answer.",70,19,2,0,67,73,4,0,5,True,False,True,False,False,True,all_wrong,False,False,False,False,all_wrong,False,False,False,False,all_correct,True,True,True,False,3,0,0,2,0,1,1,1,1,False,False,False,False
banglamath_0552,banglamath,math,,seven,short_answer,short_answer,human_reviewed_banglish_v5,minor_edit,True,৪৫০০ বর্গগজ,ekti samantoriker bhumi 90 goj o ucchota 50 goj hole tar khetrofol koto Return only the final answer.,101,18,2,0,94,113,4,0,0,True,False,False,False,False,True,bangla_only_correct,True,False,False,True,all_wrong,False,False,False,False,all_wrong,False,False,False,False,3,1,0,2,0,1,0,0,1,True,False,False,False
benqa_12th-Physics-II_0290,benqa,physics-ii,Physics-II,12th,mcq,choice,human_reviewed_banglish_v5,minor_edit,True,B,ekti karno injiner karyonirbahok bostu 400 K tapomatrar tap utos hote 840 J tap grohon kore tapograhoke 630 J tap borjon kore....,223,46,6,4,216,215,21,0,0,True,False,False,False,False,True,all_wrong,False,False,False,False,bangla_english_correct_banglish_wrong,True,False,True,True,bangla_only_correct,True,False,False,True,3,2,1,1,0,2,0,1,2,True,False,True,True
benqa_8th-Math_0072,benqa,math,Math,8th,mcq,choice,auto_romanized_unverified_v4,unreviewed,False,B,"779 songkhyati kon bijogonitiy rashir 111 tom pod? A. 7k - 2 B. 7k + 2 C. 5555k + 224 D. 777k + 2 Answer with only A, B, C, or D.",129,32,6,4,122,130,21,0,4,True,False,True,False,False,False,banglish_only_correct,False,True,False,False,english_only_correct,False,False,True,True,all_wrong,False,False,False,False,3,1,0,1,1,0,1,1,2,True,False,False,False
banglamath_0539,banglamath,math,,seven,short_answer,short_answer,human_reviewed_banglish_v5,minor_edit,True,১৪৭ বর্গমিটার,ekti ghorer mejhe karpet diye murote proti borgomitare 7.50 taka dore 1102.50 taka khoroch hole ghorer khetrofol koto Return on...,147,23,2,0,133,147,9,0,0,True,False,False,False,False,True,all_wrong,False,False,False,False,all_wrong,False,False,False,False,all_wrong,False,False,False,False,3,0,0,3,0,0,0,0,0,False,False,False,False
benqa_12th-Physics-I_0133,benqa,physics-i,Physics-I,12th,mcq,choice,human_reviewed_banglish_v5,minor_edit,True,C,\frac{3}{2} mol gyaser jony adorsh gyas somikoron hobe konti? A. 3PV = 2RT B. 2PV = \frac{1}{3} RT C. 2PV = 3RT D. \frac{PV}{RT...,172,32,6,4,169,162,11,20,8,True,True,True,False,False,True,all_correct,True,True,True,False,bangla_english_correct_banglish_wrong,True,False,True,True,bangla_english_correct_banglish_wrong,True,False,True,True,3,2,2,0,0,3,1,3,3,True,False,False,False
benqa_10th-Biology_0128,benqa,biology,Biology,10th,mcq,choice,human_reviewed_banglish_v5,minor_edit,True,A,ister shboson prokriyay konti utoponn hoy? A. lyakotik esid B. glukoj C. oksalo asitik esid D. glisarik esid Answer with only A...,140,26,6,4,144,140,0,0,0,False,False,False,False,False,True,bangla_english_correct_banglish_wrong,True,False,True,True,english_only_correct,False,False,True,True,bangla_only_correct,True,False,False,True,3,3,1,0,0,2,0,2,3,True,True,False,False
benqa_12th-Physics-II_0195,benqa,physics-ii,Physics-II,12th,mcq,choice,human_reviewed_banglish_v5,minor_edit,True,B,"prithibir byasardh 6500 km er dharokotto koto? A. 711 F B. 722 \mu F C. 640 \mu F D. 614 \mu F Answer with only A, B, C, or D.",126,30,6,4,120,136,16,3,0,True,True,True,False,False,True,english_only_correct,False,False,True,True,bangla_english_correct_banglish_wrong,True,False,True,True,all_wrong,False,False,False,False,3,2,1,1,0,1,0,2,2,True,False,False,False
benqa_12th-Chemistry-I_0190,benqa,chemistry-i,Chemistry-I,12th,mcq,choice,auto_romanized_unverified_v4,unreviewed,False,B,"nicher konotir bondhon kon sobocheye bor? A. CH_{4} B. BCl_{3} C. NH_{3} D. H_{2}O Answer with only A, B, C, or D.",114,22,6,4,106,123,4,12,0,True,True,True,False,False,False,all_wrong,False,False,False,False,english_only_correct,False,False,True,True,english_only_correct,False,False,True,True,3,2,0,1,0,0,0,2,2,True,False,False,False
benqa_8th-Math_0062,benqa,math,Math,8th,mcq,choice,auto_romanized_unverified_v4,unreviewed,False,D,"nicher kon binduti x-oksher upor obosthit? A. (- 5, 5) B. (3, - 3) C. (0, 4) D. (2, 0) Answer with only A, B, C, or D.",118,28,6,4,116,114,8,0,3,True,False,True,False,False,False,all_correct,True,True,True,False,bangla_english_correct_banglish_wrong,True,False,True,True,all_correct,True,True,True,False,3,1,1,0,0,3,2,3,3,True,False,False,False
banglamath_0549,banglamath,math,,seven,short_answer,short_answer,human_reviewed_banglish_v5,major_edit,True,৪৫০ বর্গমিটার,ekti baganer baire 2.5 mitar chowra rasta thakle rastar khetrofol koto jodi baganer doirgho 50 mi o prostho 35 mi hoy Return on...,147,26,2,0,141,113,6,0,0,True,False,False,False,False,True,all_wrong,False,False,False,False,all_wrong,False,False,False,False,all_wrong,False,False,False,False,3,0,0,3,0,0,0,0,0,False,False,False,False
benqa_12th-Math-I_0029,benqa,math-i,Math-I,12th,mcq,choice,auto_romanized_unverified_v4,unreviewed,False,B,"(-5, 10) bindugami sorolorekha x-oksher dhonatmok diker sathe tan^{-1}\frac{3}{4} kon utoponn kore. sorolorekhar somikoron- A....",235,54,6,4,220,265,26,8,17,True,True,True,False,False,False,all_wrong,False,False,False,False,english_only_correct,False,False,True,True,all_wrong,False,False,False,False,3,1,0,2,0,0,0,1,1,True,False,True,True
benqa_10th-Chemistry_0322,benqa,chemistry,Chemistry,10th,mcq,choice,auto_romanized_unverified_v4,unreviewed,False,B,"konotir onute dwi-bondhon bidyoman? A. haidrojen B. oksijen C. naitrojen D. klorin Answer with only A, B, C, or D.",114,20,6,4,116,114,0,0,1,False,False,True,False,False,False,all_correct,True,True,True,False,bangla_english_correct_banglish_wrong,True,False,True,True,bangla_english_correct_banglish_wrong,True,False,True,True,3,2,2,0,0,3,1,3,3,True,False,False,False
benqa_12th-Biology-II_0203,benqa,biology-ii,Biology-II,12th,mcq,choice,human_reviewed_banglish_v5,minor_edit,True,D,"pittoroser kaj hochchhe- i. chorbijatiy khaddoke imalosifai kora ii. bhitamin A,D,E,o K shoshone sohayota kore iii. kopar, jing...",270,52,6,4,246,257,0,0,1,False,False,True,True,False,True,all_correct,True,True,True,False,all_correct,True,True,True,False,bangla_banglish_correct_english_wrong,True,True,False,False,3,0,0,0,0,3,3,2,3,False,False,True,True
banglamath_1703,banglamath,math,,Eight,short_answer,short_answer,human_reviewed_banglish_v5,minor_edit,True,৩৬টি,ekti jhurite dharonokshomota 120ti anaros othoba 144ti amer . jhurite 90ti anaros rakhar por ar kototi am rakha jabe? Return on...,147,24,2,0,132,144,8,0,0,True,False,False,False,False,True,all_wrong,False,False,False,False,all_wrong,False,False,False,False,all_wrong,False,False,False,False,3,0,0,3,0,0,0,0,0,False,False,False,False
benqa_10th-Physics_0106,benqa,physics,Physics,10th,mcq,choice,human_reviewed_banglish_v5,minor_edit,True,A,bina badhay poront bostu 5 sekende 50 mitar poth otikrom korle 72 mitar poth otikrom korte koto sekend somoy lagbe? A. 6 B. 7.2...,172,36,6,4,162,178,12,0,0,True,False,False,False,False,True,all_wrong,False,False,False,False,all_wrong,False,False,False,False,all_wrong,False,False,False,False,3,0,0,3,0,0,0,0,0,False,False,True,False
benqa_12th-Math-I_0187,benqa,math-i,Math-I,12th,mcq,choice,human_reviewed_banglish_v5,minor_edit,True,B,2x - ky + 1 = 0 o 3x + 2y - 6 = 0 duiti sorolorekhar somikoron. dwitiy rekhatir lomb rekhar dhal koto? A. \frac{3}{2} B. \frac{...,198,42,6,4,187,227,15,20,12,True,True,True,False,False,True,all_wrong,False,False,False,False,banglish_only_correct,False,True,False,False,all_wrong,False,False,False,False,3,0,0,2,1,0,1,0,1,False,False,True,True
benqa_10th-Biology_0149,benqa,biology,Biology,10th,mcq,choice,auto_romanized_unverified_v4,unreviewed,False,B,"konotir prantiy prachir gole noler srishti hoy? A. sibhokosh B. bhesel C. trakid D. songgikosh Answer with only A, B, C, or D.",126,23,6,4,118,174,0,0,0,False,False,False,False,False,False,bangla_only_correct,True,False,False,True,bangla_english_correct_banglish_wrong,True,False,True,True,english_only_correct,False,False,True,True,3,3,1,0,0,2,0,2,3,True,True,False,False
benqa_10th-Physics_0130,benqa,physics,Physics,10th,mcq,choice,human_review_bad_banglish,bad,False,D,manobodeher ghonotb kot? i. kontrol rod thake ii. bipul poriman tap shokti nirgot hoy iii. jbalani hisebe iureniyam byobohrit h...,231,48,6,4,216,223,0,0,0,False,False,False,True,False,True,bangla_banglish_correct_english_wrong,True,True,False,False,banglish_english_correct_bangla_wrong,False,True,True,False,all_correct,True,True,True,False,3,0,0,0,0,2,3,2,3,False,False,True,True
benqa_12th-Chemistry-I_0286,benqa,chemistry-i,Chemistry-I,12th,mcq,choice,human_review_bad_banglish,bad,False,C,"urbor matir jony otyanukul pH kot? A. 3.0-4 B. 6-May C. 8-Jul D. 11-Oct Answer with only A, B, C, or D.",103,22,6,4,103,108,7,0,4,True,False,True,False,False,True,all_wrong,False,False,False,False,all_wrong,False,False,False,False,all_wrong,False,False,False,False,3,0,0,3,0,0,0,0,0,False,False,False,False
benqa_12th-Physics-II_0131,benqa,physics-ii,Physics-II,12th,mcq,choice,human_review_bad_banglish,bad,False,B,tharmomitir mul somikoron nicher konoti? A. \frac{N}{\theta - \theta_{ice}} = \frac{X_{\theta} - X_{ice}}{X_{steam} - X_{ice}}...,416,53,6,4,411,443,0,112,24,False,True,True,False,False,True,banglish_only_correct,False,True,False,False,all_wrong,False,False,False,False,all_wrong,False,False,False,False,3,0,0,2,1,0,1,0,1,False,False,True,True
benqa_10th-Biology_0188,benqa,biology,Biology,10th,mcq,choice,auto_romanized_unverified_v4,unreviewed,False,A,"torol jojok tisyu koy prokar? A. 2 B. 3 C. 4 D. 5 Answer with only A, B, C, or D.",81,21,6,4,78,94,4,0,0,True,False,False,False,False,False,all_wrong,False,False,False,False,banglish_english_correct_bangla_wrong,False,True,True,False,bangla_only_correct,True,False,False,True,3,1,0,1,0,1,1,1,2,True,False,False,False
banglamath_1686,banglamath,math,,Eight,short_answer,short_answer,auto_romanized_unverified_v4,unreviewed,False,প্রতেকে পাবে ৫/৬ আপেল।অর্থাৎ ১টি আপেলের অর্ধেক +১টি আপেলের ১/৩ ভাগ।,5ti apeloke 6 jon baloker majhe somanobhabe bhag kore dite hobe. kibhabe? (bi: dr: proyojon hole apeloke sorbochch soman 3 tuko...,173,28,2,0,158,136,3,0,0,True,False,False,False,False,False,all_wrong,False,False,False,False,all_wrong,False,False,False,False,all_wrong,False,False,False,False,3,0,0,3,0,0,0,0,0,False,False,False,False
banglamath_0188,banglamath,math,,six,short_answer,short_answer,human_reviewed_banglish_v5,minor_edit,True,১৫ ঘণ্টা,25 jon lok doinik 6 ghonta porishrom kore ekti kaj 8 dine shesh kore. 10 jon lok doinik koto ghonta porishrom kore oi kajoti sh...,166,31,2,0,144,156,6,0,0,True,False,False,False,False,True,all_wrong,False,False,False,False,all_wrong,False,False,False,False,all_wrong,False,False,False,False,3,0,0,3,0,0,0,0,0,False,False,False,False
benqa_10th-Physics_0036,benqa,physics,Physics,10th,mcq,choice,human_reviewed_banglish_v5,minor_edit,True,C,"70 keji ojoner ekojon byokti 5 minite 100 m uchu pahare uthe, tar kshomota koto oyat? [g = 9.8 ms^{-2}] A. 3500 B. 1400 C. 228....",169,36,6,4,161,186,25,3,2,True,True,True,False,False,True,all_correct,True,True,True,False,all_correct,True,True,True,False,all_correct,True,True,True,False,3,0,0,0,0,3,3,3,3,False,False,True,False
benqa_12th-Chemistry-I_0218,benqa,chemistry-i,Chemistry-I,12th,mcq,choice,human_reviewed_banglish_v5,minor_edit,True,D,"panir onute \angle HOH er man koto? A. 120^{\circ} B. 109^{\circ} C. 107^{\circ} D. 104.5^{\circ} Answer with only A, B, C, or D.",129,23,6,4,127,141,13,17,0,True,True,True,False,False,True,all_wrong,False,False,False,False,all_wrong,False,False,False,False,all_correct,True,True,True,False,3,0,0,2,0,1,1,1,1,False,False,False,False
benqa_10th-Biology_0090,benqa,biology,Biology,10th,mcq,choice,human_reviewed_banglish_v5,minor_edit,True,C,"potonggoporagi ful konti? A. dhan B. kochu C. sorisha D. akh Answer with only A, B, C, or D.",92,19,6,4,82,111,0,0,0,False,False,False,False,False,True,all_wrong,False,False,False,False,all_correct,True,True,True,False,english_only_correct,False,False,True,True,3,1,0,1,0,1,1,2,2,True,False,False,False
benqa_12th-Chemistry-II_0117,benqa,chemistry-ii,Chemistry-II,12th,mcq,choice,human_reviewed_banglish_v5,minor_edit,True,C,alodihaid o kitoner modhye parthoky niruponer jony byobohrit bikarok- i. tolen bikarok ii. 2 : 4 - DNPH iii. feling drobon nich...,223,49,6,4,213,239,2,0,2,True,False,True,True,False,True,all_wrong,False,False,False,False,bangla_english_correct_banglish_wrong,True,False,True,True,english_only_correct,False,False,True,True,3,2,1,1,0,1,0,2,2,True,False,True,True
benqa_12th-Biology-II_0034,benqa,biology-ii,Biology-II,12th,mcq,choice,human_reviewed_banglish_v5,minor_edit,True,B,"kshudrantrer kshudr ongsh konti? A. pailoras B. diodenam C. jejunam D. iliyam Answer with only A, B, C, or D.",109,20,6,4,111,121,0,0,0,False,False,False,False,False,True,english_only_correct,False,False,True,True,bangla_banglish_correct_english_wrong,True,True,False,False,english_only_correct,False,False,True,True,3,2,0,0,0,1,1,2,3,True,False,False,False
benqa_12th-Physics-II_0088,benqa,physics-ii,Physics-II,12th,mcq,choice,human_reviewed_banglish_v5,minor_edit,True,A,haigen‌s er nitir sahajye byakhya kora jay- i. protisoron ii. protifolon iii. somoborton nicher konti sothik? A. i o ii B. i o...,189,41,6,4,181,194,0,0,1,False,False,True,True,False,True,all_wrong,False,False,False,False,all_wrong,False,False,False,False,all_wrong,False,False,False,False,3,0,0,3,0,0,0,0,0,False,False,True,False
banglamath_1696,banglamath,math,,Eight,short_answer,short_answer,human_reviewed_banglish_v5,minor_edit,True,০.১৮ লিটার অথবা ১.৮ লিটার,20 gram lobon diye 10% lobonomishrit shorobot banate koto litar panir dorokar? Return only the final answer.,108,17,2,0,97,114,4,0,0,True,False,False,False,False,True,all_wrong,False,False,False,False,all_wrong,False,False,False,False,all_wrong,False,False,False,False,3,0,0,3,0,0,0,0,0,False,False,False,False
banglamath_0531,banglamath,math,,seven,short_answer,short_answer,human_reviewed_banglish_v5,minor_edit,True,৫ মেট্রিক টন ৫০৭ কেজি ৭০০ গ্রাম,ek khond jomite 500 keji 700 gram alu hole 11 khond jomite koto alu hobe Return only the final answer.,102,20,2,0,95,104,8,0,0,True,False,False,False,False,True,all_wrong,False,False,False,False,all_wrong,False,False,False,False,all_wrong,False,False,False,False,3,0,0,3,0,0,0,0,0,False,False,False,False
benqa_12th-Chemistry-II_0305,benqa,chemistry-ii,Chemistry-II,12th,mcq,choice,human_reviewed_banglish_v5,minor_edit,True,D,27^oC tapomatray O_2 er RMS man koto? A. 453.23 ms^{-1} B. 463.34 ms^{-1} C. 473.45 ms^{-1} D. 483.56 ms^{-1} Answer with only...,141,27,6,4,139,158,27,14,4,True,True,True,False,True,True,all_wrong,False,False,False,False,all_wrong,False,False,False,False,banglish_only_correct,False,True,False,False,3,0,0,2,1,0,1,0,1,False,False,False,False
benqa_10th-Physics_0296,benqa,physics,Physics,10th,mcq,choice,auto_romanized_unverified_v4,unreviewed,False,D,"iureniyamer chein bikriyar dwitiy dhape kototi niutron nirgot hoy? A. 2 ti B. 3 ti C. 6 ti D. 9 ti Answer with only A, B, C, or D.",130,29,6,4,127,115,4,0,0,True,False,False,False,False,False,english_only_correct,False,False,True,True,all_wrong,False,False,False,False,banglish_only_correct,False,True,False,False,3,1,0,1,1,0,1,1,2,True,False,False,False
benqa_10th-Physics_0150,benqa,physics,Physics,10th,mcq,choice,human_reviewed_banglish_v5,minor_edit,True,B,"konti skelar rashi? A. beg B. druti C. soron D. tworon Answer with only A, B, C, or D.",86,19,6,4,84,118,0,0,0,False,False,False,False,False,True,banglish_english_correct_bangla_wrong,False,True,True,False,banglish_english_correct_bangla_wrong,False,True,True,False,bangla_english_correct_banglish_wrong,True,False,True,True,3,1,1,0,0,1,2,3,3,True,False,False,False
banglamath_0526,banglamath,math,,seven,short_answer,short_answer,human_reviewed_banglish_v5,minor_edit,True,৩০ বর্গ মিটার,ekti tribhujer bhumi 10 mitar o ucchota 6 mitar hole khetrofol koto Return only the final answer.,97,17,2,0,92,109,3,0,0,True,False,False,False,False,True,bangla_english_correct_banglish_wrong,True,False,True,True,bangla_english_correct_banglish_wrong,True,False,True,True,english_only_correct,False,False,True,True,3,3,2,0,0,2,0,3,3,True,True,False,False
benqa_10th-Chemistry_0110,benqa,chemistry,Chemistry,10th,mcq,choice,human_reviewed_banglish_v5,minor_edit,True,C,"chuner panir songket konti? A. CaCO_{3} B. CaO C. Ca(OH)_{2} D. Ca(HCO_{3})_{2} Answer with only A, B, C, or D.",111,20,6,4,108,123,4,12,0,True,True,True,False,True,True,english_only_correct,False,False,True,True,bangla_english_correct_banglish_wrong,True,False,True,True,english_only_correct,False,False,True,True,3,3,1,0,0,1,0,3,3,True,True,False,False
benqa_10th-Math-II_0357,benqa,math-ii,Math-II,10th,mcq,choice,human_reviewed_banglish_v5,minor_edit,True,D,\left ( 2 - \frac{x}{2} \right ){6} er bistritite (1.8875)^{6} nirnoyer jony x er man nicher konti? A. -0.225 B. -0.1125 C. 0.0...,172,33,6,4,171,183,28,12,4,True,True,True,False,False,True,all_wrong,False,False,False,False,all_wrong,False,False,False,False,bangla_banglish_correct_english_wrong,True,True,False,False,3,0,0,2,0,1,1,0,1,False,False,False,False
benqa_12th-Chemistry-II_0013,benqa,chemistry-ii,Chemistry-II,12th,mcq,choice,human_reviewed_banglish_v5,minor_edit,True,C,ghumer oushodh hisebe byobohrit hoy konti? A. foromalodihaid B. asitalodihaid C. pyaralodihaid D. metalodihaid Answer with only...,142,22,6,4,132,135,0,0,0,False,False,False,False,False,True,banglish_english_correct_bangla_wrong,False,True,True,False,english_only_correct,False,False,True,True,bangla_english_correct_banglish_wrong,True,False,True,True,3,2,1,0,0,1,1,3,3,True,False,False,False
benqa_8th-Science_0202,benqa,science,Science,8th,mcq,choice,human_reviewed_banglish_v5,minor_edit,True,C,sothik khaddo-shringkhol konti? A. ghas \rightarrow faitoplyangkoton \rightarrow juplangkoton B. ju-plangkoton \rightarrow fait...,302,32,6,4,278,289,0,8,3,False,True,True,False,False,True,bangla_english_correct_banglish_wrong,True,False,True,True,bangla_english_correct_banglish_wrong,True,False,True,True,bangla_english_correct_banglish_wrong,True,False,True,True,3,3,3,0,0,3,0,3,3,True,True,False,True
benqa_8th-Science_0078,benqa,science,Science,8th,mcq,choice,human_reviewed_banglish_v5,minor_edit,True,C,alo kach theke bayu madhyome jaoyar somoy apoton kon 32^{\circ} hole protisorit roshniti madhyomer bibhedotol borabor jay. eksh...,246,38,6,4,227,287,10,20,0,True,True,True,False,False,True,all_wrong,False,False,False,False,all_wrong,False,False,False,False,banglish_english_correct_bangla_wrong,False,True,True,False,3,0,0,2,0,0,1,1,1,False,False,True,True
benqa_12th-Math-I_0202,benqa,math-i,Math-I,12th,mcq,choice,human_reviewed_banglish_v5,minor_edit,True,B,\int \frac{cosx}{\sqrt{sinx}} dx = koto? A. 2\sqrt{cosx} + c B. 2\sqrt{sinx} + c C. \frac{1}{2} \sqrt{cosx} + c D. \frac{1}{2}...,174,31,6,4,172,174,6,31,14,True,True,True,False,False,True,bangla_only_correct,True,False,False,True,all_correct,True,True,True,False,all_correct,True,True,True,False,3,1,0,0,0,3,2,2,3,True,False,False,False
benqa_12th-Physics-II_0213,benqa,physics-ii,Physics-II,12th,mcq,choice,human_reviewed_banglish_v5,minor_edit,True,D,ruddhotapiy prokriyay ekti adorsh gyaser chap o tapomatrar modhye sompork- A. P^{\gamma - 1} = dhrubok B. P^{\gamma} T^{\gama +...,250,45,6,4,244,271,4,28,9,True,True,True,False,False,True,all_wrong,False,False,False,False,all_wrong,False,False,False,False,all_wrong,False,False,False,False,3,0,0,3,0,0,0,0,0,False,False,True,True
banglamath_1684,banglamath,math,,Eight,short_answer,short_answer,human_reviewed_banglish_v5,minor_edit,True,"১২, ১২, ৩ বছর",karim saheber 3 putr ebong prothom 2 jon jomoj . 3 putrer bortoman boyoser somoshti 29 bochhor. 6 bochhor purbe tader boyoser s...,212,35,2,0,183,181,8,0,0,True,False,False,False,False,True,all_wrong,False,False,False,False,all_wrong,False,False,False,False,all_wrong,False,False,False,False,3,0,0,3,0,0,0,0,0,False,False,False,True
banglamath_0186,banglamath,math,,six,short_answer,short_answer,human_reviewed_banglish_v5,minor_edit,True,২২ ১/২ দিন,2 kuintal chale 15 jon chhatrer 30 din chole. oi chale 20 jon chhatrer koto din cholbe Return only the final answer.,116,22,2,0,104,122,7,0,0,True,False,False,False,False,True,all_wrong,False,False,False,False,all_wrong,False,False,False,False,all_wrong,False,False,False,False,3,0,0,3,0,0,0,0,0,False,False,False,False
banglamath_0231,banglamath,math,,six,short_answer,short_answer,human_reviewed_banglish_v5,minor_edit,True,২০ টাকা,ekti kolom 20% labhe 24 takay bikroy korle kroyomullo koto Return only the final answer.,88,15,2,0,81,100,4,0,0,True,False,False,False,False,True,english_only_correct,False,False,True,True,all_wrong,False,False,False,False,english_only_correct,False,False,True,True,3,2,0,1,0,0,0,2,2,True,False,False,False
benqa_8th-Science_0159,benqa,science,Science,8th,mcq,choice,human_reviewed_banglish_v5,minor_edit,True,B,"nicher konti rosalo fol? A. ata B. kola C. anaros D. kanthal Answer with only A, B, C, or D.",92,20,6,4,86,126,0,0,0,False,False,False,False,False,True,all_wrong,False,False,False,False,all_wrong,False,False,False,False,english_only_correct,False,False,True,True,3,1,0,2,0,0,0,1,1,True,False,False,False
benqa_10th-Physics_0280,benqa,physics,Physics,10th,mcq,choice,human_reviewed_banglish_v5,minor_edit,True,B,tamar rodhokotto konti? A. 1.6 \times 10^{-8}\Omega m B. 1.68 \times 10^{-8}\Omega m C. 2.44 \times 10^{-8}\Omega m D. 5.5 \tim...,177,31,6,4,174,193,22,20,8,True,True,True,False,False,True,english_only_correct,False,False,True,True,all_correct,True,True,True,False,all_correct,True,True,True,False,3,1,0,0,0,2,2,3,3,True,False,False,False
benqa_10th-Chemistry_0132,benqa,chemistry,Chemistry,10th,mcq,choice,human_reviewed_banglish_v5,minor_edit,True,A,"bisforok podarth konti? A. ti.en.ti B. benojin C. toluin D. jailin Answer with only A, B, C, or D.",98,19,6,4,95,104,0,0,0,False,False,False,False,False,True,english_only_correct,False,False,True,True,bangla_english_correct_banglish_wrong,True,False,True,True,bangla_english_correct_banglish_wrong,True,False,True,True,3,3,2,0,0,2,0,3,3,True,True,False,False
benqa_12th-Chemistry-II_0228,benqa,chemistry-ii,Chemistry-II,12th,mcq,choice,human_reviewed_banglish_v5,minor_edit,True,C,Ni(s) + 2Ag^{+}(aq) \xrightarrow{2e^{-}} Ni^{2+}(aq) + 2Ag(s); bikriyatite- i. Ni jarit hoy ii. Ag jarit hoy iii. bikriyati ekt...,244,49,6,4,242,268,4,12,6,True,True,True,True,True,True,bangla_english_correct_banglish_wrong,True,False,True,True,banglish_english_correct_bangla_wrong,False,True,True,False,bangla_english_correct_banglish_wrong,True,False,True,True,3,2,2,0,0,2,1,3,3,True,False,True,True
benqa_12th-Physics-I_0254,benqa,physics-i,Physics-I,12th,mcq,choice,human_reviewed_banglish_v5,minor_edit,True,B,mohakorsh kshetr prabolyer matrar khetre konti sothik? A. [LT^{-1}] B. [LT^{-2}] C. [MLT^{-1}] D. [MLT^{-2}] Answer with only A...,140,23,6,4,141,158,4,12,4,True,True,True,False,False,True,all_wrong,False,False,False,False,all_correct,True,True,True,False,all_wrong,False,False,False,False,3,0,0,2,0,1,1,1,1,False,False,False,False
benqa_10th-Biology_0057,benqa,biology,Biology,10th,mcq,choice,human_reviewed_banglish_v5,minor_edit,True,C,goni saheb tar bagane emon kichhu gachh lagiyechhen jar CO_{2} bijaroner prothom sthayi podarth oksalo esitik esid. goni saheb...,269,54,6,4,251,288,1,3,1,True,True,True,True,False,True,bangla_only_correct,True,False,False,True,all_correct,True,True,True,False,all_wrong,False,False,False,False,3,1,0,1,0,2,1,1,2,True,False,True,True
benqa_12th-Biology-II_0247,benqa,biology-ii,Biology-II,12th,mcq,choice,human_reviewed_banglish_v5,minor_edit,True,B,P \rightarrow DdEe \times ddEE uddipoke ullikhit kros dwara muk o bodhir sontan hobar sombhabona koto? A. 25% B. 50% C. 75% D....,163,32,6,4,157,176,9,2,1,True,True,True,False,False,True,bangla_banglish_correct_english_wrong,True,True,False,False,banglish_only_correct,False,True,False,False,bangla_only_correct,True,False,False,True,3,1,0,0,1,2,2,0,3,True,False,False,False
benqa_12th-Biology-I_0039,benqa,biology-i,Biology-I,12th,mcq,choice,auto_romanized_unverified_v4,unreviewed,False,C,"udbhider ontohstiliy ongsh hochchhe- A. haipodarmis B. epidarmis C. mojjaroshmi D. karteks Answer with only A, B, C, or D.",122,20,6,4,121,116,0,0,1,False,False,True,False,False,False,all_wrong,False,False,False,False,bangla_only_correct,True,False,False,True,all_wrong,False,False,False,False,3,1,0,2,0,1,0,0,1,True,False,False,False
benqa_12th-Chemistry-II_0235,benqa,chemistry-ii,Chemistry-II,12th,mcq,choice,human_reviewed_banglish_v5,minor_edit,True,A,"nicher konti luis esid? A. AlCl_{3} B. H_{2}CO_{3} C. NH_{3} D. H_{3}PO_{4} Answer with only A, B, C, or D.",107,20,6,4,106,129,6,18,0,True,True,True,False,False,True,banglish_english_correct_bangla_wrong,False,True,True,False,bangla_english_correct_banglish_wrong,True,False,True,True,bangla_english_correct_banglish_wrong,True,False,True,True,3,2,2,0,0,2,1,3,3,True,False,False,False
banglamath_1697,banglamath,math,,Eight,short_answer,short_answer,human_reviewed_banglish_v5,minor_edit,True,70,30 ke 1/2 diye bhag kore 10 jog korle koto hoy? Return only the final answer.,77,16,2,0,73,76,6,0,1,True,False,True,False,False,True,all_wrong,False,False,False,False,english_only_correct,False,False,True,True,all_correct,True,True,True,False,3,1,0,1,0,1,1,2,2,True,False,False,False
benqa_8th-Science_0024,benqa,science,Science,8th,mcq,choice,auto_romanized_unverified_v4,unreviewed,False,C,maitosiser konodhare kromojomogulo ingreji bornomala J er mot hoy? A. profej B. metafej C. enafej D. telofej Answer with only A...,140,25,6,4,134,180,0,0,0,False,False,False,False,False,False,all_wrong,False,False,False,False,bangla_only_correct,True,False,False,True,all_wrong,False,False,False,False,3,1,0,2,0,1,0,0,1,True,False,False,False
benqa_12th-Biology-II_0179,benqa,biology-ii,Biology-II,12th,mcq,choice,auto_romanized_unverified_v4,unreviewed,False,A,"rokt jomat bandhote kon dhatob ayon sohayota kore? A. Ca^{++} B. Mg^{++} C. Cu^{++} D. Fe^{++} Answer with only A, B, C, or D.",126,24,6,4,117,118,0,12,8,False,True,True,False,True,False,english_only_correct,False,False,True,True,bangla_english_correct_banglish_wrong,True,False,True,True,bangla_english_correct_banglish_wrong,True,False,True,True,3,3,2,0,0,2,0,3,3,True,True,False,False
benqa_12th-Biology-I_0277,benqa,biology-i,Biology-I,12th,mcq,choice,auto_romanized_unverified_v4,unreviewed,False,D,"konotike ghas gotr bola hoy? A. solanesi B. saikyadesi C. malobhesi D. poyesi Answer with only A, B, C, or D.",109,21,6,4,105,113,0,0,0,False,False,False,False,False,False,english_only_correct,False,False,True,True,english_only_correct,False,False,True,True,all_correct,True,True,True,False,3,2,0,0,0,1,1,3,3,True,False,False,False
benqa_10th-Chemistry_0194,benqa,chemistry,Chemistry,10th,mcq,choice,auto_romanized_unverified_v4,unreviewed,False,D,"nicher kon mouloti odhik sokriy? A. O B. P C. N D. F Answer with only A, B, C, or D.",84,21,6,4,80,98,0,0,0,False,False,False,False,False,False,english_only_correct,False,False,True,True,english_only_correct,False,False,True,True,all_correct,True,True,True,False,3,2,0,0,0,1,1,3,3,True,False,False,False
banglamath_0187,banglamath,math,,six,short_answer,short_answer,human_reviewed_banglish_v5,minor_edit,True,১৪০ জন,ekti bandh toiri korte 360 jon shromiker 25 din lage. 18 dine kajoti shesh korte kotojon otirikt shromik lagbe Return only the...,140,24,2,0,128,140,7,0,0,True,False,False,False,False,True,all_wrong,False,False,False,False,all_wrong,False,False,False,False,all_wrong,False,False,False,False,3,0,0,3,0,0,0,0,0,False,False,False,False
banglamath_0559,banglamath,math,,seven,short_answer,short_answer,human_reviewed_banglish_v5,minor_edit,True,১৬০০ বর্গমিটার,ekti borgokshetrer porisima 160 mitar hole tar khetrofol koto Return only the final answer.,91,14,2,0,87,90,3,0,0,True,False,False,False,False,True,all_wrong,False,False,False,False,all_wrong,False,False,False,False,all_wrong,False,False,False,False,3,0,0,3,0,0,0,0,0,False,False,False,False
banglamath_0521,banglamath,math,,seven,short_answer,short_answer,human_reviewed_banglish_v5,minor_edit,True,৭০ মিটার,ekti jomir doirgho 20 mitar o prostho 15 mitar hole tar porisima koto Return only the final answer.,99,18,2,0,93,100,4,0,0,True,False,False,False,False,True,all_wrong,False,False,False,False,all_wrong,False,False,False,False,all_wrong,False,False,False,False,3,0,0,3,0,0,0,0,0,False,False,False,False
banglamath_1691,banglamath,math,,Eight,short_answer,short_answer,human_reviewed_banglish_v5,major_edit,True,প্রথমে ৩ লিটারের পাত্রে ৩ লিটার দুধ নিয়ে তা ৫ লিটারের পাত্রে ঢালতে হবে। এবারও একইভাবে আবারও ৩ লিটার দুধ নিয়ে ৫ লিটারের পাত্রে আছে আরো ঢালতে হবে যতক্ষণ না ৫ লিটারের পাত্রটি পূর্ণ হয়। পাত্রটি পূর্ণ হওয়ার পর যে অবশিষ্ট দুধ ৩ লিটারের পাত্রে থেকে যাবে তার পরিমাণ ১ লিটার।,"beru goyalar kachhe ekti kolosite 10 litar dudh ebong dudh mapar duti khali patro, ekti 5 litarer, oporoti 3 litarer. se kretak...",279,48,2,0,267,209,6,0,0,True,False,False,False,False,True,all_wrong,False,False,False,False,all_wrong,False,False,False,False,all_wrong,False,False,False,False,3,0,0,3,0,0,0,0,0,False,False,True,True
benqa_12th-Physics-I_0157,benqa,physics-i,Physics-I,12th,mcq,choice,auto_romanized_unverified_v4,unreviewed,False,A,bhor ebong beg ubhoyoke briddhi kore jothakrome tinogun kora hole gotishoktir briddhir poriman kotogun hobe? A. 27 B. 21 C. 18...,163,31,6,4,142,159,7,0,0,True,False,False,False,False,False,bangla_only_correct,True,False,False,True,bangla_only_correct,True,False,False,True,all_wrong,False,False,False,False,3,2,0,1,0,2,0,0,2,True,False,False,False
benqa_12th-Biology-I_0056,benqa,biology-i,Biology-I,12th,mcq,choice,auto_romanized_unverified_v4,unreviewed,False,A,"konotite haidothod thakote pare? A. pata B. ful C. mul D. kand Answer with only A, B, C, or D.",94,20,6,4,91,101,0,0,0,False,False,False,False,False,False,all_wrong,False,False,False,False,bangla_english_correct_banglish_wrong,True,False,True,True,all_wrong,False,False,False,False,3,1,1,2,0,1,0,1,1,True,False,False,False
banglamath_0229,banglamath,math,,six,short_answer,short_answer,auto_romanized_unverified_v4,unreviewed,False,1.5,150% ke doshomik bhognangshe prokash korole ki hoy Return only the final answer.,80,13,2,0,70,66,3,0,0,True,False,False,False,False,False,bangla_english_correct_banglish_wrong,True,False,True,True,bangla_english_correct_banglish_wrong,True,False,True,True,bangla_english_correct_banglish_wrong,True,False,True,True,3,3,3,0,0,3,0,3,3,True,True,False,False
benqa_10th-Math-II_0102,benqa,math-ii,Math-II,10th,mcq,choice,human_reviewed_banglish_v5,minor_edit,True,D,"M(1, - 1), N(2, 2) ebong R(4, a) bindu tinoti somorekh hole, a er man koto? A. 2 B. 4 C. 6 D. 8 Answer with only A, B, C, or D.",127,32,6,4,119,142,9,0,1,True,False,True,False,False,True,all_wrong,False,False,False,False,all_wrong,False,False,False,False,all_correct,True,True,True,False,3,0,0,2,0,1,1,1,1,False,False,False,False
banglamath_0558,banglamath,math,,seven,short_answer,short_answer,human_reviewed_banglish_v5,minor_edit,True,২০ মিটার,60 mitar dirgh ayotokar baganer doirgho prosther 3 gun hole prostho koto Return only the final answer.,102,17,2,0,97,124,3,0,0,True,False,False,False,False,True,all_wrong,False,False,False,False,all_wrong,False,False,False,False,all_wrong,False,False,False,False,3,0,0,3,0,0,0,0,0,False,False,False,False
banglamath_1695,banglamath,math,,Eight,short_answer,short_answer,auto_romanized_unverified_v4,unreviewed,False,"নারিকেল গাছ 60টি, আম গাছ ৪৫টি, বট গাছ ৩৬টি, ফুলের গাছ ৩৯টি","1ti parke 1/3 bhag narokelogachh, 1/4 gachhoam gachh, 1/5 bhag bot gachh ebong 39ti fuler gachh. bagane kon gachh kototi royech...",184,31,2,0,156,192,9,0,3,True,False,True,False,False,False,all_wrong,False,False,False,False,all_wrong,False,False,False,False,all_wrong,False,False,False,False,3,0,0,3,0,0,0,0,0,False,False,False,False
benqa_10th-Math_0044,benqa,math,Math,10th,mcq,choice,human_reviewed_banglish_v5,minor_edit,True,C,"ekti borger kototi protisamy rekha ache? A. 8ti B. 6ti C. 4ti D. 2ti Answer with only A, B, C, or D.",100,22,6,4,97,98,4,0,0,True,False,False,False,False,True,bangla_english_correct_banglish_wrong,True,False,True,True,bangla_english_correct_banglish_wrong,True,False,True,True,bangla_english_correct_banglish_wrong,True,False,True,True,3,3,3,0,0,3,0,3,3,True,True,False,False
